id,text,screen_name,created_at,retweet_count,favorite_count,friends_count,followers_count,lang,country,sentiment
"1,25E+18",Honestly i would love to celebrate the people who recovered from covid 19. Literally a milestone.,fleon_13,Tue Apr 07 04:00:45 +0000 2020,0,0,296,344,en,United States,positive
"1,25E+18",@TimesNow Harassing a person in the name of Coronavirus is wrong irrespective of their religion.,DBardaloi,Tue Apr 07 04:00:51 +0000 2020,0,0,3917,3450,en,India,negative
"1,25E+18","Coronavirus: Africa will not be testing ground for vaccine, says WHO",Aurora_313Poet,Tue Apr 07 04:00:54 +0000 2020,0,0,995,657,en,United States,neutral
"1,25E+18",Nice to know thereâ€™s some upside &gt; Coronavirus lockdowns have changed the way Earth moves,AJBOSE,Tue Apr 07 04:01:10 +0000 2020,0,0,1158,544,en,United States,neutral
"1,25E+18",This woman is killing others! #COVID19,AllisonScussel,Tue Apr 07 04:01:46 +0000 2020,0,0,227,111,en,United States,negative
"1,25E+18",Heal the world in a different way: #covid19 plz go away,sky_as_sama,Tue Apr 07 04:01:51 +0000 2020,0,0,1581,812,en,United States,neutral
"1,25E+18","Device distribution = distance learning for our students. Take that, Covid-19... Canâ€™t keep the pumas down đŸ¾ đŸ’™đŸ’ âœŒđŸ»",Lil_Ames1,Tue Apr 07 04:02:08 +0000 2020,0,0,659,649,en,United States,positive
"1,25E+18",I miss #Hockey #NHL #FlaPanthers Can this #coronavirus be over with? @ BB&amp;T Center,BlueChip48,Tue Apr 07 04:02:26 +0000 2020,0,0,1455,1386,en,United States,negative
"1,25E+18",Thanks to Medical Army of INDIA đŸ‡®đŸ‡³ #WorldHealthDay2020 #StaySafe #COVID19 @MYFMIndia,RJ_REXX,Tue Apr 07 04:02:45 +0000 2020,0,0,140,3592,en,India,positive
"1,25E+18","Stepping out of our homes, day 1 of post-quarantine. #COVID19 #QuarantineLife",oh_hash,Tue Apr 07 04:02:48 +0000 2020,0,0,1178,259,en,United States,neutral
"1,25E+18",Why COVID-19 is not the â€˜great equalizerâ€™ when it comes to race in the US,BrianOSheaSPI,Tue Apr 07 04:02:53 +0000 2020,0,0,440,662,en,United States,negative
"1,25E+18",Shout out all the rappers that said they got 2020 vision didnâ€™t see this coming did ya #coronavirus,JackCrowleyyy,Tue Apr 07 04:03:13 +0000 2020,0,0,407,358,en,United Kingdom,neutral
"1,25E+18",Watch the full YouTube interview of the younger generations take on Covid19,rehmancee,Tue Apr 07 04:03:23 +0000 2020,0,0,24,13,en,United States,neutral
"1,25E+18",Can we put coronavirus in the transfer portal?,DawgatAuburn,Tue Apr 07 04:03:29 +0000 2020,0,0,352,721,en,United States,neutral
"1,25E+18",The moon of COVID-19. April 6th 2020 #astrophotography #moon @ Colonia Del Valle,RoyMT,Tue Apr 07 04:03:34 +0000 2020,0,0,352,270,en,Mexico,neutral
"1,25E+18","@BethMooreLPM Pray, mask, feed, repeat! #COVID19 #TEACHers #Students #faith #Arkansas",gigi__davis,Tue Apr 07 04:03:38 +0000 2020,0,0,438,439,en,United States,neutral
"1,25E+18",Coronavirus chills Seattle's red-hot real estate market,lori_vassallo,Tue Apr 07 04:03:42 +0000 2020,0,0,4617,5414,en,United States,neutral
"1,25E+18",grad school interview on wednesday bc coronavirus canâ€™t stop me from powering up,ChadDuBois,Tue Apr 07 04:03:54 +0000 2020,0,0,915,3634,en,United States,neutral
"1,25E+18",@NationBreaking The Apocalypse đŸ˜¢đŸ¥µđŸ˜±đŸ†˜ #Covid_19 #COVID19 #CoronaVirusUSA,BeingCharlie,Tue Apr 07 04:04:02 +0000 2020,0,0,64,3824,en,Kenya,negative
"1,25E+18",UK PM Boris Johnson Moved To Intensive Care As COVID-19 Symptoms Worsen,ZaapGossip,Tue Apr 07 04:04:29 +0000 2020,0,0,783,115,en,à¸›à¸£à¸°à¹€à¸—à¸¨à¹„à¸—à¸¢,neutral
"1,25E+18",Leave it to Chump to try and profit off the pandemic. #CoronaVirusUpdates,Lopeezie,Tue Apr 07 04:04:44 +0000 2020,0,0,5297,4976,en,United States,neutral
"1,25E+18","Essential worker, Instacart and stocks, yeah Iâ€™m not about to let Covid-19 stop my grind đŸ˜¤",Rufino_12_,Tue Apr 07 04:07:51 +0000 2020,0,0,233,130,en,United States,neutral
"1,25E+18",HUMANITARIAN CRISIS: Warning of 'bodies in the streets' if #COVID-19 takes off in #PNG,FijiSchProjects,Tue Apr 07 01:19:24 +0000 2020,0,0,1687,353,en,Papua New Guinea,negative
"1,25E+18",new york state alone is top five worldwide in covid-19 cases compared to countries,uptownascension,Tue Apr 07 04:08:22 +0000 2020,0,0,288,970,en,United States,positive
"1,25E+18",who's going to stand up and release #nyccoronavirus data broken down by race?,RustyZimms,Tue Apr 07 04:08:57 +0000 2020,0,0,578,688,en,United States,neutral
"1,25E+18","#knowthedifference #flu #cold #allergies #coronavirus #sick #sickness #symptoms @ Bixby Knolls, Long Beach",beatricerenee,Tue Apr 07 04:09:36 +0000 2020,0,0,539,361,en,United States,neutral
"1,25E+18",A few shots of Lautoka City after the lockdown ended at 5am today. #FijiNews #COVID19,fnaikaso,Tue Apr 07 04:09:46 +0000 2020,0,0,710,2106,en,Fiji,negative
"1,25E+18","It was the best of times, it was the worst of times. As Charles Dickens would say if he were alive. #COVID19",ncantonioonline,Tue Apr 07 04:10:33 +0000 2020,0,0,1995,228,en,Kingdom of Saudi Arabia,neutral
"1,25E+18",Either he received a letter or has covid-19.,dianesbaker1,Tue Apr 07 04:10:33 +0000 2020,0,0,1813,3122,en,Canada,negative
"1,25E+18",Two more Sri Lankans aged 62 &amp; 72 in the UK reportedly died from coronavirus @GoldNewsLK,raprasadh,Tue Apr 07 04:10:36 +0000 2020,0,0,583,495,en,Sri Lanka,negative
"1,25E+18",@daiannyy Covid-19,1petronioo,Tue Apr 07 04:11:03 +0000 2020,0,0,1055,1073,en,Brasil,neutral
"1,25E+18",Coronavirus and the Flu Have a Lot of Symptoms in Common -Â Here's What You Need to Know,CelebFitnessTV,Tue Apr 07 04:11:04 +0000 2020,0,0,83,806,en,United Kingdom,negative
"1,25E+18",@ShreyaTrivediMD Thatâ€™s why I define COVID-19 as: the â€œLonely and solitary diseaseâ€,gilliar_do,Tue Apr 07 04:11:31 +0000 2020,0,0,627,597,en,United States,neutral
"1,25E+18",COVID-19: Trump Talks Retaliation If India Rejects Export Of Key Drug - NDTV,adonishai,Tue Apr 07 04:11:38 +0000 2020,0,0,174,21,en,India,neutral
"1,25E+18",@d00ditsmarc Hey @coldplay cure us with your music from this COVID-19 đŸ¤™đŸ¤,trinhlha_,Tue Apr 07 04:11:47 +0000 2020,0,0,79,87,en,United States,positive
"1,25E+18",We're talking billions for millions of people. I hope no banking collapse will happen. #COVID19,akosihadee,Tue Apr 07 04:11:51 +0000 2020,0,0,273,27,en,Republic of the Philippines,neutral
"1,25E+18",@realDonaldTrump knew about coronavirus since January 29th. #TrumpLiesAmericansDie,KLE1967,Tue Apr 07 04:12:03 +0000 2020,0,0,5001,1596,en,United States,negative
"1,25E+18",I hope I can lucid dream my way outta quarantine #COVID19,Peteypooze,Tue Apr 07 04:12:04 +0000 2020,0,0,567,372,en,United States,positive
"1,25E+18",@Target please stop or limit your curb side pickup. @FoxNews #COVID19,rqBond3,Tue Apr 07 04:12:10 +0000 2020,0,0,425,30,en,United States,neutral
"1,25E+18",Chris Cuomo shares chest X-rays after coronavirus diagnosis via @YouTube,CaffreyEj,Tue Apr 07 04:12:11 +0000 2020,0,0,11346,11158,en,United States,neutral
"1,25E+18",How does China have no more cases and deaths of COVID-19? đŸ¤”,JAlvaradoNews,Tue Apr 07 04:12:13 +0000 2020,0,0,393,30,en,United States,neutral
"1,25E+18",Notetaker WarRoom COVID-19,TerasinR,Tue Apr 07 04:12:17 +0000 2020,0,0,3182,2052,en,à¸›à¸£à¸°à¹€à¸—à¸¨à¹„à¸—à¸¢,neutral
"1,25E+18",@realDonaldTrump good morning now india is better to fight Covid 19,RJeerawla,Tue Apr 07 04:12:48 +0000 2020,0,0,2739,165,en,à¤­à¤¾à¤°à¤¤,neutral
"1,25E+18",Lock down possible or coronavirus Positive.... Poor Lodge management in karnji Lodge 1...@MOM_sg,ksarath456,Tue Apr 07 04:12:59 +0000 2020,0,0,119,15,en,Singapore,neutral
"1,25E+18",@eentertainment In which house do I have the best chance of contracting COVID19 and being rushed out via ambulance? I choose that one.,BDub1966,Tue Apr 07 04:13:12 +0000 2020,0,0,911,196,en,United States,neutral
"1,25E+18",Please respect front line workers #COVID19 #coronavirus,Sanso13527,Tue Apr 07 04:13:19 +0000 2020,0,0,48,96,en,United Kingdom,positive
"1,25E+18",@SindhHealthDpt @barhasnainmirza didnt your area have a death related to COVID19 ???,SumetaSyed,Tue Apr 07 04:13:40 +0000 2020,0,0,538,23823,en,Pakistan,negative
"1,25E+18",@SocMikeStout Protecting portfolios over people #COVID19. #GOPCorruptionOverCountry,NixaMoMama,Tue Apr 07 04:13:44 +0000 2020,0,0,688,222,en,United States,negative
"1,25E+18",How China Built a Twitter Propaganda Machine Then Let It Loose on Coronavirus,dr_kodol,Tue Apr 07 04:13:52 +0000 2020,0,0,282,15,en,Republic of Korea,neutral
"1,25E+18",Finally a word to summarize it! @ashsr22 #lockdowneffect #life #SocialDistanacing #coronavirus,adityasr22,Tue Apr 07 04:14:35 +0000 2020,0,0,549,45,en,India,neutral
"1,25E+18",Just tryna Euro step covid-19,Eastradamus,Tue Apr 07 04:15:32 +0000 2020,0,0,265,297,en,United States,neutral
"1,25E+18",Biden's offer to help coronavirus efforts making governors' jobs 'difficult' via @nypost,MalcolmGrey6,Tue Apr 07 04:16:17 +0000 2020,0,0,29,8,en,United States,positive
"1,25E+18",Ministering to our youth during this pandemic. God&gt;Covid19 @ABC7 @CBSNews @KTLA @FoxNews,madregoneloca,Tue Apr 07 04:16:23 +0000 2020,0,0,331,120,en,United States,negative
"1,25E+18","368,196 cases and 10,986 deaths in US on 4/6 at 11:01 pm #COVID19 #CoronaVirusUpdate",historianspeaks,Tue Apr 07 04:16:24 +0000 2020,0,0,4705,5679,en,United States,negative
"1,25E+18","Los Angeles Opens Coronavirus Testing to Anyone, Not Just People Most at Risk",LAangel_Camilla,Tue Apr 07 04:17:03 +0000 2020,0,0,2457,1584,en,United States,neutral
"1,25E+18","I'll crack on Friday, May 8! #lockdown #covid19 #WhenWillYouCrack",VaughnDeF,Tue Apr 07 04:17:31 +0000 2020,0,0,1538,463,en,United States,neutral
"1,25E+18",#done #readallthebooks #coronavirus The Plot Thickens,PublicEd412,Tue Apr 07 04:18:08 +0000 2020,0,0,500,418,en,United States,neutral
"1,25E+18",Atleast something wonderful came out of this horrific pandemic #CoronaVirus. Pink champa,DrJunaidMAlam,Tue Apr 07 04:18:26 +0000 2020,0,0,305,860,en,Pakistan,negative
"1,25E+18",@piersmorgan Your tweet doesn't say 'anything positive' about #BorisJohnso. So. Shut the fuck up. #PiersMorgan #COVID19,opheliasbrother,Tue Apr 07 04:19:24 +0000 2020,0,0,4602,3295,en,United Kingdom,negative
"1,25E+18",Iâ€™m so tired of hearing about COVID 19 yet i watch the news everyday đŸ˜©,prettie_ashh,Tue Apr 07 04:19:29 +0000 2020,0,0,534,160,en,United States,neutral
"1,25E+18",@chennaicorp How do i report someone on COVID19 symptoms. I only have their name and address,venkatbchilaka,Tue Apr 07 04:19:58 +0000 2020,0,0,52,15,en,India,neutral
"1,25E+18",To the 8 states not issuing stay at home orders đŸ–•đŸ¼đŸ–•đŸ¼đŸ–•đŸ¼đŸ–•đŸ¼đŸ–•đŸ¼đŸ–•đŸ¼đŸ–•đŸ¼đŸ–•đŸ¼ #coronavirus #StayHome #StayAtHome #Ohiolockdown #ohiocoronavirus,lisamfrancis,Tue Apr 07 04:20:06 +0000 2020,0,0,335,96,en,United States,neutral
"1,25E+18","MSU doctor creates COVID-19 test with quick results, pending FDA approval #COVID19 #ChinaVirus",BillBlett,Tue Apr 07 04:20:24 +0000 2020,0,0,1421,907,en,United States,positive
"1,25E+18","@realDonaldTrump china made #CoronaVirus has killed near about 11000 US citizens, what action have u taken against China &amp; CCP?",dhirajchoudha20,Tue Apr 07 04:20:27 +0000 2020,0,0,1383,199,en,Pakistan,neutral
"1,25E+18",I wish coronavirus never happened hope everyone stays healthy and safe,martinf024,Tue Apr 07 04:20:56 +0000 2020,0,0,487,84,en,United States,positive
"1,25E+18","@lwalubengo If only Covid-19 was giving us humble time đŸ˜‚ Expect anything, the hints are dropped daily by CS Kagwe",Tsumah_ndolo,Tue Apr 07 04:21:16 +0000 2020,0,0,700,985,en,Kenya,neutral
"1,25E+18",I will never wish for another #snowday again. I miss my students. #COVID19,tedrosececi,Tue Apr 07 04:21:37 +0000 2020,0,0,4736,4675,en,United States,neutral
"1,25E+18",Why would they do it? Chinese tourists are stuck at a attraction amid coronavirus pandemic,Jaw_Knock,Tue Apr 07 04:22:59 +0000 2020,0,0,777,11632,en,Nepal,neutral
"1,25E+18",From the #COVID19 Boris Johnson will.............................,KowaFredrick,Tue Apr 07 04:23:18 +0000 2020,0,0,2671,1453,en,Kenya,neutral
"1,25E+18",Thornton niggas using the coronavirus as an excuse to use a bandana and rep a suburban neighborhood,Pedro_bg3,Tue Apr 07 04:23:19 +0000 2020,0,0,307,677,en,United States,negative
"1,25E+18",NO weâ€™re really not @realDonaldTrump #COVID19,mmackcollins,Tue Apr 07 04:23:22 +0000 2020,0,0,1381,1005,en,United States,neutral
"1,25E+18","In ORDER 2 AVOID IncReaSinG NumBers Of COVID-19,+Ve PATIENTS,A COMPLETE STRICT CURFEW Has 2 B There For Atleast 3-4 Days Before 14 APRILđŸ˜¡đŸ˜¡",rupeshrbajpai,Tue Apr 07 04:23:58 +0000 2020,0,0,249,66,en,India,negative
"1,25E+18",I was already introverted long before coronavirus was popularâ€™ #DoingTheSame đŸ˜,papeed,Tue Apr 07 04:24:13 +0000 2020,0,0,144,77,en,United States,neutral
"1,25E+18",Wow 2 years ago today I was in South Beach with my man. Coronavirus ruined our vacation đŸ˜¢,ynaoivw,Tue Apr 07 04:24:45 +0000 2020,0,0,898,2211,en,United States,positive
"1,25E+18","Aerial images show streets, beaches and landmarks empty during coronavirus pandemic via @USATODAY",mulugetaayene,Tue Apr 07 04:24:51 +0000 2020,0,0,475,909,en,Ethiopia,neutral
"1,25E+18",Check out this video from @TrustBrosCBD about #COVID19 awareness. đŸ˜,RoxyRenDoes,Tue Apr 07 04:24:59 +0000 2020,0,0,334,541,en,United States,neutral
"1,25E+18",Covid-19: Prime Minister Boris Johnson in intensive care,DailyESSEX,Tue Apr 07 04:25:03 +0000 2020,0,0,2565,22839,en,United Kingdom,negative
"1,25E+18",I was supposed to be home rn... stupid coronavirus ruined everything.,rod7e,Tue Apr 07 04:25:38 +0000 2020,0,0,201,251,en,United States,negative
"1,25E+18",Coronavirus or not as soon as May hit Iâ€™m outâœŒđŸ¼,jadaaabooo,Tue Apr 07 04:25:43 +0000 2020,0,0,252,481,en,United States,neutral
"1,25E+18",Help unemployed ones to stop covid-19,mojohookah,Tue Apr 07 04:25:59 +0000 2020,0,0,43,39,en,United States,negative
"1,25E+18","My birthday wish for today is everyoneâ€™s safety. Lord, I declare na matapos na â€˜tong COVID19 na ito. â¤ï¸đŸ™đŸ»",KaelBondoc,Tue Apr 07 04:26:31 +0000 2020,0,0,904,2373,en,Republic of the Philippines,negative
"1,25E+18",@sallyeastman1 @JordanSchachtel @davereaboi I donâ€™t wish Coronavirus on anyone. I mightâ€™ve just changed my wishes.,dancedivaamg,Tue Apr 07 04:26:33 +0000 2020,0,0,138,77,en,United States,neutral
"1,25E+18",Racism has no place in the global fight against COVID-19.,h_soumare,Tue Apr 07 04:27:08 +0000 2020,0,0,1235,1044,en,United States,positive
"1,25E+18",Just saw a viral Facebook post claiming that Soros owns â€œthe Wuhan lab where COVID-19 was createdâ€ and thatâ€™s enough Internet for tonight,ClaireJChu,Tue Apr 07 04:27:33 +0000 2020,0,0,1900,1254,en,United States,negative
"1,25E+18",Today we are going to have more patients of covid19??? JESUS told me but am scared you won't believe međŸ¤£đŸ¤£đŸ¤£,LutaleY,Tue Apr 07 04:28:25 +0000 2020,0,0,192,19,en,Uganda,neutral
"1,25E+18","COVID-19: UAE's Taaleem announces school fees discounts, special packages #InThisTogether",walfordwright,Tue Apr 07 04:28:33 +0000 2020,0,0,455,11899,en,United Arab Emirates,negative
"1,25E+18","COVID-19: UAE's TaaleemđŸ announces school fees discounts, special packages #InThisTogether",Taaleem,Tue Apr 07 04:29:07 +0000 2020,0,0,191,4217,en,United Arab Emirates,neutral
"1,25E+18",See Iceland government's transparency and amazing data sharing on #COVID19,meeadsaberi,Tue Apr 07 04:29:08 +0000 2020,0,0,316,678,en,Australia,positive
"1,25E+18","Well, she was just COVID-19, if you know what I mean And the way she looked Was way beyond compare",Big2naFish,Tue Apr 07 04:29:08 +0000 2020,0,0,233,93,en,United States,neutral
"1,25E+18",Now to get my crush to date me đŸ¤”. But after these cdc guidelines go away. COVID19 really saved him these months đŸ˜‚.,Sitol_Jane,Tue Apr 07 04:29:34 +0000 2020,0,0,1854,954,en,United States,neutral
"1,25E+18",@JoeySalads @BarackObama @JoeySalads How would you simultaneously re-open businesses and prevent further spread of COVID-19?,harperbeverly58,Tue Apr 07 04:29:36 +0000 2020,0,0,243,46,en,United States,neutral
"1,25E+18",Another victim of the economic crash from Covid 19. Our beloved ok sklsnd Zoo.,Earthgranny,Tue Apr 07 04:31:36 +0000 2020,0,0,2384,1812,en,United States,negative
"1,25E+18",@ShujaatAliSyed1 COVID 19 and its impact on Thailand's security architecture,ruetacha,Tue Apr 07 04:32:16 +0000 2020,0,0,330,106,en,Thailand,negative
"1,25E+18","This decade is off to a crazy start. If you think coronavirus is bad, wait a few years until SkyNet sends back a Terminator.",hank_thierry,Tue Apr 07 04:32:22 +0000 2020,0,0,1220,221,en,United States,negative
"1,25E+18",NOTE: this is BEFORE any patients arrived- #NOLA #COVID19,PodcastKevin,Tue Apr 07 04:32:30 +0000 2020,0,0,362,113,en,United States,neutral
"1,25E+18","Coronavirus: President, PM, Ministers, MPs to take 30% salary cut for a year via NaMo App",SurajKu43005567,Tue Apr 07 04:32:34 +0000 2020,0,0,19,0,en,India,neutral
"1,25E+18",Listen UpđŸ‘‚đŸ¼.. #COVID19,JenanX59_,Tue Apr 07 04:32:48 +0000 2020,0,0,290,1023,en,United Kingdom,neutral
"1,25E+18",Today is World health day and covid-19 safety She is everyone responsibility Social distance is compulsory,Dharmen14883089,Tue Apr 07 04:34:11 +0000 2020,0,0,1,0,en,India,positive
"1,25E+18",Bronx Zoo says tiger did not get human coronavirus test via @nypmetro,MetalOTM,Tue Apr 07 04:34:23 +0000 2020,0,0,1499,1539,en,United States,positive
"1,25E+18",Protecting portfolios over people #COVID19 #GOPCorruptionOverCountry,NixaMoMama,Tue Apr 07 04:34:58 +0000 2020,0,0,688,222,en,United States,positive
"1,25E+18",I want to order Fast food rn (9:30pm) but I'm so worried that Essential workers have #covid19 đŸ˜“,acactus27,Tue Apr 07 04:35:01 +0000 2020,0,0,124,104,en,United States,neutral
"1,25E+18",@BBCWorld Makes sense. What about Covid-19?,pinetailnyc,Tue Apr 07 04:35:09 +0000 2020,0,0,174,26,en,United States,neutral
"1,25E+18",Ivermectin drug kills COVID-19 in laboratory within 48 hours,JavediqbalProf,Tue Apr 07 04:35:14 +0000 2020,0,0,271,280,en,India,negative
"1,25E+18",COVID 19: Grant to states should not be on the bases of confirmed cases @GovWike,miebacka,Tue Apr 07 04:36:21 +0000 2020,0,0,5026,4655,en,Nigeria,neutral
"1,25E+18",Coronavirus: China records first day with no deaths since January #Coronavirus,PoliticalPrada,Tue Apr 07 04:36:23 +0000 2020,0,0,4998,2127,en,United States,positive
"1,25E+18",đŸ¨ CIGARETTE COMPANY IS KILLING THEIR BEST CUSTOMERS đŸ¨ đŸ˜‚ đŸ¤£ đŸ¤£ #COVID19 #lockdowneffect,ThisZ_Uganda,Tue Apr 07 04:37:17 +0000 2020,0,0,958,606,en,Uganda,negative
"1,25E+18","Remember, Unite, Renew as we continue to combat the COVID 19 Pandemic within the confines of our Homes.",EdwardNkusi,Tue Apr 07 04:37:34 +0000 2020,0,0,150,25,en,Rwanda,negative
"1,25E+18",Prayers up for everyone negatively affected by the Coronavirus đŸ™đŸ½,KyleSkye,Tue Apr 07 04:37:34 +0000 2020,0,0,7858,26154,en,United States,neutral
"1,25E+18",I seen somebody call COVID-19 the Holocough and I havenâ€™t stopped laughing since.,Ray5893,Tue Apr 07 04:37:35 +0000 2020,0,0,923,962,en,United States,negative
"1,25E+18",WHO director-general endorses a voluntary intellectual property pool to develop Covid-19 products,Rosario_Strano,Tue Apr 07 04:37:59 +0000 2020,0,0,8188,7428,en,United States,positive
"1,25E+18",Adventures with DNA: Covid time capsule #MaplewoodMom #TimeCapsule #COVID19 via @YouTube,NikkiLee1984,Tue Apr 07 04:38:07 +0000 2020,0,0,790,439,en,United States,neutral
"1,25E+18",UK Prime Minister Boris Johnson dies after contracting Coronavirus,tokamaksan,Tue Apr 07 04:38:19 +0000 2020,0,0,378,150,en,æ—¥æœ¬,negative
"1,25E+18",i think johnny blonde hair would kill the coronavirus,byeongyunho,Tue Apr 07 04:38:29 +0000 2020,0,0,397,2573,en,United States,negative
"1,25E+18","Congrats, Cali! You did it! #COVID19 #californiacoronavirus",mkcarr44,Tue Apr 07 04:38:35 +0000 2020,0,0,340,39,en,United States,positive
"1,25E+18",@reflog video from the rapids the day of the COVID19 Rally,Lauraegates27,Tue Apr 07 04:39:10 +0000 2020,0,0,827,333,en,United States,positive
"1,25E+18","#ChineseVirus Patient being treated by #Ayurveda in US, recovering.. #coronavirus #COVID19",joglekarsaurabh,Tue Apr 07 04:39:12 +0000 2020,0,0,387,187,en,United States,positive
"1,25E+18","Hey, don't forget to wash ur hand regularly after holding on to empty promise ya... đŸ˜·đŸ˜·đŸ˜· #COVID19 #PKP #StayAtHome #StayHomeStaySafe",ZaxZoul,Tue Apr 07 04:40:29 +0000 2020,0,0,1568,235,en,Malaysia,positive
"1,25E+18",I need a video conference call wig #shpk #COVID19,nursekoughan,Tue Apr 07 04:40:31 +0000 2020,0,0,435,147,en,Canada,neutral
"1,25E+18",đŸ›‘COVID19: CJN orders all courts in Nigeria to shutdown:,Tony98Tony,Tue Apr 07 04:40:37 +0000 2020,0,0,411,366,en,United States,neutral
"1,25E+18",lunch today. #crcheers #quircsingapore #homemademeals #staysafeandhealthy #safedistancing #covid19 @ Evania,QUIRC_Singapore,Tue Apr 07 04:40:50 +0000 2020,0,0,103,18,en,Singapore,neutral
"1,25E+18",decide i'm only going to call it the novel coronavirus and get extremely pedantic if anyone else does not,Dvoleich,Tue Apr 07 04:41:02 +0000 2020,0,0,350,143,en,United States,neutral
"1,25E+18",#COVID19 #mask please wear!! #dm for more info,LeroyBradley13,Tue Apr 07 04:41:06 +0000 2020,0,0,44,0,en,United States,neutral
"1,25E+18",Amazing. Coronavirus: China records first day with no deaths since January #Coronavirus,ajdarjean,Tue Apr 07 04:41:58 +0000 2020,0,0,1069,560,en,United States,negative
"1,25E+18","đŸ›‘BREAKING: Buhari's govt closes all land borders, suspends FEC meetings due to coronavirus:",Tony98Tony,Tue Apr 07 04:42:04 +0000 2020,0,0,411,366,en,United States,negative
"1,25E+18",Brace Yourself for Waves of #Coronavirus Infections:,ifapel,Tue Apr 07 04:42:09 +0000 2020,0,0,3729,1084,en,Poland,neutral
"1,25E+18",#COVID19 imported cases to #China - it shows how much we as a global community need to improve in #TestingForCovid19,DrBonillaOnc,Tue Apr 07 04:42:22 +0000 2020,0,0,2119,2142,en,United States,negative
"1,25E+18",Israel to Begin Testing Drug from Japan in Battle Against COVID-19,dsrved759,Tue Apr 07 04:42:26 +0000 2020,0,0,1666,1325,en,United States,positive
"1,25E+18",#India Fight Against Covid 19,Sudhans58732112,Tue Apr 07 04:42:38 +0000 2020,0,0,0,0,en,India,positive
"1,25E+18","Detroit rep says hydroxychloroquine, Trump helped save her life amid COVID-19 fight via @freep",cbrolz,Tue Apr 07 04:44:39 +0000 2020,0,0,1494,514,en,United States,positive
"1,25E+18",#COVID19 Boris Johnson moved to intensive care as coronavirus symptoms worsen,MrMikeJacksonI1,Tue Apr 07 04:44:41 +0000 2020,0,0,560,242,en,United States,negative
"1,25E+18","Coronavirus: President, PM, Ministers, MPs to take 30% salary cut for a year via NaMo App",MukeshPathakji,Tue Apr 07 04:44:44 +0000 2020,0,0,445,2789,en,India,neutral
"1,25E+18",@WHO Happy Birth Day Bowl Out Pandemic #COVID19 this time,jhallevicharblo,Tue Apr 07 04:45:02 +0000 2020,0,0,3171,1346,en,India,neutral
"1,25E+18",Indiaâ€™s efforts to combat COVID-19 have been lauded globally: PM Modi,PranavPVaria,Tue Apr 07 04:45:29 +0000 2020,0,0,282,840,en,India,positive
"1,25E+18",COVID-19 and the Politics of Fear and Panic,filnj,Tue Apr 07 04:45:38 +0000 2020,0,0,16427,17312,en,United States,neutral
"1,25E+18",PM Modi calls Australian counterpart; discusses need to share experience to deal with coronavirus,PranavPVaria,Tue Apr 07 04:45:50 +0000 2020,0,0,282,840,en,India,neutral
"1,25E+18",Did yâ€™all know Britainâ€™s Prime Minister is in ICU with Coronavirus? đŸ˜Ÿ,Ray5893,Tue Apr 07 04:46:26 +0000 2020,0,0,923,962,en,United States,neutral
"1,25E+18",How to celebrate my birthday đŸ during this Covid19 era on April 10th đŸ˜· @ Stay at Home and Keep Positive,IOyesanya,Tue Apr 07 04:46:34 +0000 2020,0,0,925,95,en,Switzerland,neutral
"1,25E+18","@funder @JoyAnnReid @AliVelshi Places where there apoears 2B NO COVID19 stats - Russia, Israel and t/CONCENTRATION CAMPS on our borders!",DrDiva82,Tue Apr 07 04:46:46 +0000 2020,0,0,3038,1549,en,United States,neutral
"1,25E+18",Lights Out: Millions of candles ignite across India as show of solidarity to beat COVID-19 darkness,PranavPVaria,Tue Apr 07 04:46:48 +0000 2020,0,0,282,840,en,India,neutral
"1,25E+18",Can plasma from recovered COVID-19 patients treat the sick? | Science News,mukjosez,Tue Apr 07 04:46:49 +0000 2020,0,0,319,31,en,Uganda,positive
"1,25E+18",BBC News - Coronavirus wreaks havoc in African American neighbourhoods,RosePAr47670551,Tue Apr 07 04:47:23 +0000 2020,0,0,1354,542,en,United States,neutral
"1,25E+18",Meg'anon!! Egyptian lawyer demands China pay $10 trillion in coronavirus damages,RosePAr47670551,Tue Apr 07 04:48:05 +0000 2020,0,0,1354,542,en,United States,neutral
"1,25E+18",When do you NEED to TEST for #COVID19? Answer: Press â–¶ï¸ #STAYSAFEUG,UgandaMediaCent,Tue Apr 07 04:48:25 +0000 2020,0,0,170,241000,en,Uganda,neutral
"1,25E+18",I made a gift to help FSU students impacted by COVID-19. #SupportFSU #FinishStrongFSU via @floridastate,WhatTheJeanette,Tue Apr 07 04:48:31 +0000 2020,0,0,569,353,en,United States,neutral
"1,25E+18",How Coronavirus Attacks the Body | NYT News via @nytimes #COVID19,AMednurse,Tue Apr 07 04:48:48 +0000 2020,0,0,580,1134,en,United States,neutral
"1,25E+18",Fill up my three spotâ€¼ï¸$25-200 #dontplayifyouaingotmoney #StayAtHomeandgetmoney #coronavirus #easymoney #fastmoney #StayAtHome,moyaa_t,Tue Apr 07 04:49:35 +0000 2020,0,0,310,376,en,United States,neutral
"1,25E+18",@Alyssa_Milano I think heâ€™s in the early stages of #COVID19 if not than heâ€™s possibly a carrier,ChrisSchachern,Tue Apr 07 04:50:10 +0000 2020,0,0,2878,147,en,United States,neutral
"1,25E+18",Live look at me screening for COVID-19 @AveraHealth #HardScreens #MovingScreens #DirtyWork,KyleEntringer7,Tue Apr 07 04:50:19 +0000 2020,0,0,680,673,en,United States,negative
"1,25E+18",Gagaâ€™s gonna fine the Vaccine! Sheâ€™s gonna be The Cure! #COVID19 #OneWorldTogetherAtHome,blurboi,Tue Apr 07 04:50:27 +0000 2020,0,0,38915,44342,en,Australia,positive
"1,25E+18",Global stats show that Africa accounts for a fraction of total #Covid19 cases. #Day11ofLockdown,vanessaperumal,Tue Apr 07 04:50:28 +0000 2020,0,0,2026,5157,en,South Africa,neutral
"1,25E+18",@ThisisLauraS Thatâ€™s scary. I havenâ€™t felt well today and therefore Iâ€™ve Googled â€œcovid-19 symptomsâ€ at least a dozen times.,lpdeal,Tue Apr 07 04:50:33 +0000 2020,0,0,1817,1596,en,United States,neutral
"1,25E+18",A chat with Mexicoâ€™s coronavirus czar by @richardjensor,japacheco,Tue Apr 07 04:50:35 +0000 2020,0,0,804,805,en,Mexico,neutral
"1,25E+18","Me: when I turn 21, Iâ€™m gonna go to so many bars COVID 19: lol you thought",katieann_18,Tue Apr 07 04:50:48 +0000 2020,0,0,729,259,en,United States,neutral
"1,25E+18","â€œI Defeated Coronavirus With Blackseed Oil, Vitamin C, And Honey @seyiamakinde",miebacka,Tue Apr 07 04:51:13 +0000 2020,0,0,5026,4655,en,Nigeria,positive
"1,25E+18",â€œSymptoms of Coronavirus include sweating and feeling weakâ€ Eminem:,ben_g_texas,Tue Apr 07 04:51:20 +0000 2020,0,0,735,626,en,United States,neutral
"1,25E+18",It's been 14 days and counting for Tony Mahon. #coronavirus #testresults,MakingTownsGuy,Tue Apr 07 04:51:24 +0000 2020,0,0,4050,1618,en,United States,neutral
"1,25E+18",@herobangchan Awwww letâ€™s be safe and prioritize our health first đŸ™đŸ» Sana matapos na tong covid-19 đŸ˜­,brblcsn,Tue Apr 07 04:51:31 +0000 2020,0,0,307,259,en,Republic of the Philippines,positive
"1,25E+18",Coronavirus: China records first day with no deaths since January #Coronavirus,bourbakii,Tue Apr 07 04:51:39 +0000 2020,0,0,5001,400,en,People's Republic of China,positive
"1,25E+18",This is the 2020 I wanted #COVID2019AU #covid19australia #StayAtHome #StayHomeAustralia,damon_c1980,Tue Apr 07 04:52:03 +0000 2020,0,0,759,253,en,Australia,positive
"1,25E+18","May the real doctors,medical practitioners and not el matadors stand up! #IStandWithAzziad #COVID19 @KBonimtetezi @DD",RICOHO7,Tue Apr 07 04:52:40 +0000 2020,0,0,365,49,en,Kenya,positive
"1,25E+18",A New COVID-19 Crisis: Domestic Abuse Rises Worldwide via @Yahoo,thl2k1,Tue Apr 07 04:53:07 +0000 2020,0,0,367,215,en,United States,negative
"1,25E+18",A great story on how rural America is dealing with COVID-19.,ClaraBenitezTV,Tue Apr 07 04:53:48 +0000 2020,0,0,1242,1582,en,United States,neutral
"1,25E+18",its a little happy news #COVID19,sdgwwgds,Tue Apr 07 04:53:54 +0000 2020,0,0,1611,516,en,United States,neutral
"1,25E+18",New YouTube video click the link to watch #TSU23 #DisneyPlus #COVID19NC #coronavirus,DjDretakingover,Tue Apr 07 04:54:03 +0000 2020,0,0,2177,948,en,United States,neutral
"1,25E+18",New YouTube video click the link to watch #TSU23 #DisneyPlus #COVID19NC #coronavirus .,DjDretakingover,Tue Apr 07 04:54:10 +0000 2020,0,0,2177,948,en,United States,neutral
"1,25E+18",The Coronavirus App,di_areyes,Tue Apr 07 04:54:21 +0000 2020,0,0,389,273,en,MĂ©xico,neutral
"1,25E+18",Death of the 6th Covid-19 patient(80) in Sri Lanka reported from the Infectious Diseases Hospital today.,raprasadh,Tue Apr 07 04:55:37 +0000 2020,0,0,583,495,en,Sri Lanka,negative
"1,25E+18",@priyashmita Wasnâ€™t the Brazilian president saying Covid19 was a hoax or something a few days ago?,courier_michael,Tue Apr 07 04:55:40 +0000 2020,0,0,2244,1544,en,United Kingdom,neutral
"1,25E+18",Animals can get COVID-19 too?!,welcometonezone,Tue Apr 07 04:56:17 +0000 2020,0,0,657,589,en,United States,neutral
"1,25E+18",#WorldHealthDay. I express my gratitude to every health worker on the frontlines fighting Coronavirus. đŸ™đŸ»,GauravM57221014,Tue Apr 07 04:56:35 +0000 2020,0,0,315,8,en,India,positive
"1,25E+18","#coronavirus #viruslife #besafeoutthere #stayhome #stopthespread #imsobored @ San Diego, California",Wilson_REALTOR_,Tue Apr 07 04:57:11 +0000 2020,0,0,478,32,en,United States,neutral
"1,25E+18",Covid-19 sounds so last year.,Colin_Cloud,Tue Apr 07 04:57:20 +0000 2020,0,0,249,30023,en,United States,neutral
"1,25E+18",Coronavirus and Communities: Activists step up door-to-door work to protect poor communities,JustMissAlia,Tue Apr 07 04:57:39 +0000 2020,0,0,701,389,en,South Africa,positive
"1,25E+18",#COVID19 The president of Ghana Nana Akufo-Addo has pledged toÂ pay water billsÂ for all citizens for the next 3 months. Such a brave step!,JamesBi01748722,Tue Apr 07 04:58:19 +0000 2020,0,0,226,25,en,Uganda,positive
"1,25E+18",the coronavirus is breaking my heart little by little.,sindyyy_y,Tue Apr 07 04:58:23 +0000 2020,0,0,573,177,en,United States,neutral
"1,25E+18",Ä°s there any relation between spread of COVID 19 and 5 G technology ???,Drbektas,Tue Apr 07 04:58:26 +0000 2020,0,0,209,63,en,TĂ¼rkiye,neutral
"1,25E+18",Here's a helpful post showing how authors are promoting books during COVID-19.,rcutlerSpark,Tue Apr 07 04:58:50 +0000 2020,0,0,2323,1851,en,United States,positive
"1,25E+18",another day just making masks!!! #covid19 #socialdistancing #Masks4All,danielleabellla,Tue Apr 07 04:59:10 +0000 2020,0,0,796,895,en,United States,neutral
"1,25E+18",Truth about the deep state and Covid-19,bhaktadasa,Tue Apr 07 04:59:16 +0000 2020,0,0,1492,970,en,Thailand,neutral
"1,25E+18","The 6th #COVID19 death in Sri Lanka reported today, an 80 year old male who was receiving treatment at the IDH. #coronavirus #lka #SriLanka",Manushj,Tue Apr 07 04:59:20 +0000 2020,0,0,374,602,en,Sri Lanka,negative
"1,25E+18",Well come make coronavirus go away then miracle water đŸ™„,JaszyAsIwanaB,Tue Apr 07 04:59:29 +0000 2020,0,0,108,116,en,United States,neutral
"1,25E+18","me: a leprechaun đŸ€, the coronavirus đŸ¦ , your new step mom đŸ¤·đŸ¼đŸ¤‘ etc",hunt_allan1,Tue Apr 07 04:59:40 +0000 2020,0,0,67,91,en,United States,neutral
"1,25E+18",@Dr_Uditraj COVID-19,umeshppatel,Tue Apr 07 04:59:43 +0000 2020,0,0,876,84,en,India,neutral
"1,25E+18",Subscribe to get updates from 'COVID-19 Tracker' Group in Microsoft Kaizala. Join today -,amisij,Tue Apr 07 05:00:32 +0000 2020,0,0,219,2697,en,Kenya,neutral
"1,25E+18",China outraged after Brazil minister suggests Covid-19 is part of 'plan for world domination',sophiatseliem,Tue Apr 07 05:00:33 +0000 2020,0,0,244,167,en,United States,neutral
"1,25E+18",live footage of kristin chenoweth solving coronavirus,tristanpjevac,Tue Apr 07 05:00:59 +0000 2020,0,0,274,179,en,United States,neutral
"1,25E+18","Stress #Coronavirus #covid19 #losangeles @ Los Angeles, California",roffmanmagician,Tue Apr 07 05:01:05 +0000 2020,0,0,164,756,en,United States,neutral
"1,25E+18","So, my grandpa has covid-19....",therealoodorii,Tue Apr 07 05:01:08 +0000 2020,0,0,946,922,en,United States,negative
"1,25E+18",Corona is real guys!! Now itâ€™s spreading further and further here in Tanzania!! #COVID19 #coronaInMwanza,I_am_Ma_Ngu,Tue Apr 07 05:01:13 +0000 2020,0,0,322,212,en,Tanzania,negative
"1,25E+18","#Thailand 38 more local Covid-19 cases raise total to 2,258, with 824 people recovered. Deaths rose by 1 to 27. #COVID19 #COVID19th",genobkk,Tue Apr 07 05:02:07 +0000 2020,0,0,878,917,en,Thailand,negative
"1,25E+18",#google says -#thankyou #HealthcareHeroes #COVID19 @Google thankyou !!,Sharpknife_Aziz,Tue Apr 07 05:02:20 +0000 2020,0,0,1863,674,en,United States,positive
"1,25E+18",@ddale8 Duh novel coronavirus wasnâ€™t around when Obama was in office,havanajo1169,Tue Apr 07 05:02:23 +0000 2020,0,0,680,347,en,United States,neutral
"1,25E+18",Chicago mayor: â€˜Breathtakingâ€™ that African Americans are dying of COVID-19 at higher rates via @msnbc,HyppoliteOkou,Tue Apr 07 05:02:43 +0000 2020,0,0,19,19,en,Suisse,neutral
"1,25E+18",Dark days #Coronavirus #covid19 #losangeles #luluscafe #homeless @ Lulu's Cafe,roffmanmagician,Tue Apr 07 05:02:52 +0000 2020,0,0,164,756,en,United States,negative
"1,25E+18",#economic effects of COVID-19 Research on ARXđŸ‘‡đŸ‘‡,KakemboJoelIsa1,Tue Apr 07 05:03:55 +0000 2020,0,0,756,71,en,Uganda,negative
"1,25E+18",Just cleaned my kitchen at 930pm because what else was I supposed to do?? Lol #30MoreDays #coronavirus #itsthelittlethings,CristinaDiCarlo,Tue Apr 07 05:04:15 +0000 2020,0,0,156,61,en,United States,neutral
"1,25E+18",Stay Home stay Safe #coronavirus #WorldHealthDay,salunke_hemant,Tue Apr 07 05:04:17 +0000 2020,0,0,1620,248,en,India,positive
"1,25E+18",Currently looking for Netflix recommendations fitting for going through a breakup during the coronavirus,hello_jackieo,Tue Apr 07 05:04:21 +0000 2020,0,0,532,490,en,United States,neutral
"1,25E+18",Indiaâ€™s efforts to combat COVID-19 have been lauded globally: PM Modi via NaMo App,vijuinnaite,Tue Apr 07 05:04:46 +0000 2020,0,0,2697,497,en,India,positive
"1,25E+18",When 911 happened they couldnâ€™t wait to make money from the war. Now #coronavirus and theyâ€™re lining their pockets while our citizens die.,thesolster,Tue Apr 07 05:05:07 +0000 2020,0,0,1061,2335,en,United States,neutral
"1,25E+18",Kinda nice unfreidning all the gang riding the '5G causes #CoronaVirus' bus! đŸ˜‚ Bunch of #COVIDIOTS,TheDemotedOne,Tue Apr 07 05:05:07 +0000 2020,0,0,1243,1267,en,Fiji,neutral
"1,25E+18",HOW CORONAVIRUS SPREADS: The Reason That The COVID-19 Virus Spread Has Been So Quick &amp; So Deadly @LondonRealTV,YujiMarutani,Tue Apr 07 05:06:23 +0000 2020,0,0,1276,655,en,æ—¥æœ¬,neutral
"1,25E+18","Stigmatising and shunning HCWâ€™s, risking their lives everyday is shameful beyond words.#Covid19India",anaswajid,Tue Apr 07 05:06:58 +0000 2020,0,0,202,464,en,India,neutral
"1,25E+18",There are so many changing laws for Covid-19 how do I know if I am following the ones in my area? @GavinNewsom @CityofCostaMesa,megmarie5,Tue Apr 07 05:07:17 +0000 2020,0,0,200,218,en,United States,neutral
"1,25E+18",List of approved #Covid19 testing labs in Chennai.,dhanasri05,Tue Apr 07 05:07:44 +0000 2020,0,0,1236,797,en,India,positive
"1,25E+18",This just makes me sad... Honestly sad... #COVID19,ret_cw3,Tue Apr 07 05:07:51 +0000 2020,0,0,4925,3575,en,Germany,neutral
"1,25E+18",@NationOnlineMw In the long run however our health sector finally gets the boost it finally deserves. Covid-19 the equalizer for sure!!,MsWeiJackson,Tue Apr 07 05:08:07 +0000 2020,0,0,832,819,en,Malawi,neutral
"1,25E+18","#Fiji is about to be hit by Category 5 #Cyclone #Harold. Please #pray for Fiji. #covid19 @ Lautoka, Fiji",sarahsilikula,Tue Apr 07 05:08:10 +0000 2020,0,0,245,58,en,Fiji,neutral
"1,25E+18",I weep for the entire world tonight đŸ˜¢ My defenses are broken &amp; sadness is overwhelming đŸ˜¢ #COVID19,geekbabe,Tue Apr 07 05:08:27 +0000 2020,0,0,7859,19420,en,United States,neutral
"1,25E+18","UNLV gets 250 more COVID-19 test kits, extends curbside checks via @reviewjournal",HyppoliteOkou,Tue Apr 07 05:08:28 +0000 2020,0,0,19,19,en,Suisse,neutral
"1,25E+18",COVID19 made me promise to NEVER take anything for granted again...,_OoohLalaaa,Tue Apr 07 05:08:40 +0000 2020,0,0,750,869,en,United States,neutral
"1,25E+18","Coronavirus: President, PM, Ministers, MPs to take 30% salary cut for a year via NaMo App",bjpmgmdassan,Tue Apr 07 05:09:00 +0000 2020,0,0,534,83,en,India,neutral
"1,25E+18",@ZSiddiki The best way to deal with COVID19,yadav1prashant1,Tue Apr 07 05:09:09 +0000 2020,0,0,4986,1071,en,India,positive
"1,25E+18",#COVID19 covid please go away,meredith19873,Tue Apr 07 05:09:23 +0000 2020,0,0,2202,410,en,United States,negative
"1,25E+18",Use correct information @tv9gujarati till anand has no COVID-19 case .,ImMbpatel,Tue Apr 07 05:09:34 +0000 2020,0,0,111,52,en,India,neutral
"1,25E+18",Indiaâ€™s efforts to combat COVID-19 have been lauded globally: PM Modi via NaMo App,bjpmgmdassan,Tue Apr 07 05:09:46 +0000 2020,0,0,534,83,en,India,positive
"1,25E+18",Why doesnâ€™t that tiger with coronavirus just use its own magical gallbladder to heal itself?,MZA_NYC,Tue Apr 07 05:10:37 +0000 2020,0,0,279,130,en,United States,positive
"1,25E+18",#COVID19 has us living one day at a time... #undiaalavez @tigresdelnorte,VictorRTafoya,Thu Apr 09 17:45:18 +0000 2020,0,0,7524,2320,en,United States,positive
"1,25E+18",Pres Cyril Ramaphosa to SAns: You have respected the lockdown and largely observed its regulations. #lockdown #coronavirus,ManqobaMchunu,Thu Apr 09 18:14:25 +0000 2020,0,0,920,20964,en,South Africa,positive
"1,25E+18",TRAVEL FROM THE SOFA đŸ¤— @chm_itu #cevherhazÄ±rlamamuhendisliÄŸi #COVID19 #EvdeKal #HayatEverSÄ±ÄŸar #EvdeHayatVar,chm_itu,Thu Apr 09 18:14:37 +0000 2020,0,0,1471,1028,en,Turkey,neutral
"1,25E+18",How many times a day do you convince yourself you have coronavirus? I'm at a half dozen most days... đŸ˜·đŸ¤§đŸ¤’ #staythefuckhome,Jen_EveL,Tue Apr 07 02:53:17 +0000 2020,0,0,1939,1249,en,United States,neutral
"1,25E+18",#Covid19 Let's Us Pledge To incorporate Pranayama in Our Daily Routine On #WorldHealthDay,hkjajoria1,Tue Apr 07 02:53:19 +0000 2020,0,0,69,58,en,India,positive
"1,25E+18",3 HCSO deputies in quarantine after performing CPR on person who tested positive for coronavirus,Mbrums45,Tue Apr 07 02:53:42 +0000 2020,0,0,130,97,en,United States,negative
"1,25E+18","A Tiger caught coronavirus, I really appreciate how no one is safe in this like đŸ¶weâ€™re aalll in thisss trogettherrđŸ¶",levon_27,Tue Apr 07 02:53:45 +0000 2020,0,0,477,237,en,United States,neutral
"1,25E+18",Interesting spatial data science project on mobility during covid19,ClemsonGIS,Tue Apr 07 02:53:53 +0000 2020,0,0,279,198,en,United States,neutral
"1,25E+18",Had to make another #COVID19 meme.,GuyCaveOfficial,Tue Apr 07 02:54:43 +0000 2020,0,0,379,150,en,United States,neutral
"1,25E+18","So to review, cats can get covid-19. Dogs cannot. Point, dogs. And dog people.",thomasleemon,Tue Apr 07 02:54:45 +0000 2020,0,0,1087,683,en,United States,neutral
"1,25E+18",I will be adding essential worker during covid-19 to my resume,ChanceMFrank,Tue Apr 07 02:55:50 +0000 2020,0,0,308,370,en,United States,neutral
"1,25E+18",Excellent thread about how to survive with #COVID19. @MaggieAstor thank you for sharing.,JerilynLM,Tue Apr 07 02:56:13 +0000 2020,0,0,1104,870,en,United States,positive
"1,25E+18","New study finds some masks ineffective against COVID-19, as experts restate need for widespread use",b_kernick,Tue Apr 07 02:56:43 +0000 2020,0,0,2748,349,en,Canada,positive
"1,25E+18",Boris Johnson moved to intensive care as coronavirus symptoms worsen,Aussieairquali1,Tue Apr 07 02:57:38 +0000 2020,0,0,38,21,en,Australia,negative
"1,25E+18",Overall picture of Covid 19 shows they are cold and hot loving and age is not bar.,liyakat7070,Tue Apr 07 02:57:42 +0000 2020,0,0,27,27,en,India,negative
"1,25E+18",Check out Artimus fall into depths of hell #SoundCloud #COVID19 #coronavirusQA #viralaudio #hearmeout #PrayForBoris,GreatArtimus,Tue Apr 07 02:58:04 +0000 2020,0,0,361,23,en,United States,neutral
"1,25E+18",Fascinating story in the @nytimes about @kinsa and #COVID19 #healthweathermap,PGeorgeMD,Tue Apr 07 02:58:17 +0000 2020,0,0,1034,5582,en,United States,positive
"1,25E+18",#WorldHealthDay #Covid19 Do Pranayama along With Meditation Daily For Increase The Immune system Power,hkjajoria1,Tue Apr 07 02:58:24 +0000 2020,0,0,69,58,en,India,neutral
"1,25E+18",Queen Mary turning into a coronavirus hospital? Yeah letâ€™s make that place more haunted than it already is,Nielsonlindseyy,Tue Apr 07 02:58:28 +0000 2020,0,0,665,1034,en,United States,negative
"1,25E+18",@bwnewton You can't touch this. No seriously... don't touch.... Covid-19 y'all,DrMatthewAsplin,Tue Apr 07 02:59:05 +0000 2020,0,0,116,63,en,Canada,negative
"1,25E+18",Great to see @florian_krammer in action! 10000 plasma donors! #convalescentplasma #COVID19,SesmaLab,Tue Apr 07 02:59:07 +0000 2020,0,0,297,2855,en,United States,positive
"1,25E+18","#Rebirth2020 âœï¸ Man, that was fun...a nice reprieve from the daily #COVID19 concerns. Okay, back to the day job.",SCAC_commish,Tue Apr 07 02:59:13 +0000 2020,0,0,344,509,en,United States,positive
"1,25E+18",Wakanda hasnâ€™t reported a single case of COVID-19! Now that is great leadership!!!,caramooney,Tue Apr 07 02:59:41 +0000 2020,0,0,1230,2074,en,United States,positive
"1,25E+18",If youâ€™ve got a cell phone- you might be helping monitor the spread of coronavirus (and not even know it).,KyleIboshi,Tue Apr 07 03:00:37 +0000 2020,0,0,1154,8217,en,United States,positive
"1,25E+18",Masks should be prioritized for health workers to avoid shortage against coronavirus: WHO via @Yahoo,PinkLabGarage,Tue Apr 07 03:01:38 +0000 2020,0,0,2105,1671,en,Mexico,positive
"1,25E+18",A temp that worked at all 3 Saputo plants in Tulare tested positive for coronavirus,hijadetigre_,Tue Apr 07 03:01:38 +0000 2020,0,0,525,621,en,United States,neutral
"1,25E+18",Hereâ€™s a simple way to make your own #facemask #COVID19,MsDFair,Tue Apr 07 03:01:42 +0000 2020,0,0,373,329,en,United States,positive
"1,25E+18",@mollaHunegnaw @ECA_OFFICIAL @ECAStats @OliverChinganya đŸ¤” hidden facts on #COVID19 will surprise us!,lmesskir,Tue Apr 07 03:01:44 +0000 2020,0,0,98,59,en,Ethiopia,neutral
"1,25E+18","More distraction via Trump from #JustinJournos, keeping attention away from @KustiTrudeaus poor handling of #COVID19",TheDuggerD,Tue Apr 07 03:01:49 +0000 2020,0,0,1347,1345,en,Canada,neutral
"1,25E+18",One down... Jesusâ€™ blood must not kill Coronavirus?!? Huh.,my_thousand,Tue Apr 07 03:01:55 +0000 2020,0,0,5513,5272,en,United States,neutral
"1,25E+18",Celeste just canâ€™t keep ahold of her phone #twitch #twitchfail #streamer #twitchgirls #funny #funtimes #COVID19,BloggersMonkey,Tue Apr 07 03:02:00 +0000 2020,0,0,112,16,en,United States,neutral
"1,25E+18",Thank you Jesus! Now get rid of this damn coronavirus! #RAW #RawAfterMania,KATIE1STLADY,Tue Apr 07 03:02:14 +0000 2020,0,0,2719,1400,en,United States,positive
"1,25E+18",COVID-19 update The day at work ????? @ Gristedes Supermarkets #059,johnnybebad666_,Tue Apr 07 03:02:52 +0000 2020,0,0,313,31,en,United States,neutral
"1,25E+18",@lisarinna Needed #lift heard your #voice @QVC. Son #Covid-19+. College kid. Awaiting my &amp; My Mom #results. Send #positivity @CityBocaRaton,gardensinblooms,Tue Apr 07 03:03:35 +0000 2020,0,0,299,32,en,United States,neutral
"1,25E+18",Need a licensed real estate professional? #COVID19,ScottLehrRealty,Tue Apr 07 03:04:41 +0000 2020,0,0,305,346,en,United States,neutral
"1,25E+18",@train @WHO @GlblCtzn Absolutely beautiful version. Very uplifting during these very difficult times. đŸ’œ #COVID19,Dimfire18,Tue Apr 07 03:04:48 +0000 2020,0,0,600,453,en,United States,neutral
"1,25E+18",U.K. Prime Minister Johnson taken into intensive care unit for COVID-19 via @msnbc,HyppoliteOkou,Tue Apr 07 03:05:11 +0000 2020,0,0,19,19,en,Suisse,neutral
"1,25E+18",Thank you @bobbyshriver I needed this sonnet on this day. #coronavirus,Anne_Sweeney,Tue Apr 07 03:05:20 +0000 2020,0,0,502,2621,en,United States,neutral
"1,25E+18",what a difference COVID19 makes đŸŒđŸ™đŸ“¿đŸ•‰ï¸â˜®ï¸â˜¯ï¸âœï¸đŸ’œđŸ’›đŸ•¯ï¸đŸ¦‹đŸ˜·đŸ‘©â€đŸ“đŸ„â€â™€ï¸đŸ™†âœŒï¸,heather_harvell,Tue Apr 07 03:05:30 +0000 2020,0,0,959,104,en,United States,neutral
"1,25E+18",Teach your children that there are superheroes in real life and we call them Doctors and Nurses. #COVID19 #superhero,Ahmaaadani,Tue Apr 07 03:06:01 +0000 2020,0,0,186,281,en,United States,positive
"1,25E+18",@KINGTEEDEE3545 King hey...I think it's a good idea to be tested for COVID 19 to avoid further spreading,JMbiriona,Tue Apr 07 03:06:10 +0000 2020,0,0,44,9,en,Namibia,positive
"1,25E+18",If You Had To Sacrifice One Team To End The CoronaVirus Which Team Would It Be And Why Manchester United ??,StarFox_9,Tue Apr 07 03:06:14 +0000 2020,0,0,602,277,en,Barbados,negative
"1,25E+18","With the 8p howlings, social distancing and general #COVID19 #QurantineLife I feel this the beginning of a #BlackMirror episode.",Enemini,Tue Apr 07 03:06:32 +0000 2020,0,0,154,63,en,United States,positive
"1,25E+18",So now #JBE is accusing the coronavirus of racial profiling? Typical liberal.,laptoptonymarks,Tue Apr 07 03:06:54 +0000 2020,0,0,1232,549,en,United States,negative
"1,25E+18",Halfway stage and no sleep for over 30 hrs. It does not bode well. #repatriation #COVID19 #qatarairways,marcrich66,Tue Apr 07 03:07:09 +0000 2020,0,0,226,156,en,Qatar,neutral
"1,25E+18","Michael Gu, @BoxMining is LIVE! From Hong Kong With A Coronavirus Update",NetworksManager,Tue Apr 07 03:07:18 +0000 2020,0,0,105926,106233,en,United States,neutral
"1,25E+18","If you had to sacrifice an NFL team and a CFB team to stop the coronavirus right now, why would it be the Cowboys and Longhorns?",OKLA_BT,Tue Apr 07 03:07:36 +0000 2020,0,0,1683,2357,en,United States,negative
"1,25E+18",mom: Babe dad: wassup coronavirus the fuck manđŸ˜‚,highhasnat,Tue Apr 07 03:08:17 +0000 2020,0,0,289,586,en,United States,negative
"1,25E+18",Guys! We donâ€™t have to worry about the #coronavirus any more!!! @GitRDoneLarry,paulmaycomedy,Tue Apr 07 03:08:24 +0000 2020,0,0,502,3745,en,United States,positive
"1,25E+18",Just wondering how @mattnichols0071 is doing with this whole coronavirus thing. How will we ever know if his cough is due to coronavirus? đŸ˜•,LilianMaxfield,Tue Apr 07 03:08:25 +0000 2020,0,0,526,504,en,United States,neutral
"1,25E+18","[LIVE] Coronavirus Pandemic: Real Time Counter, World Map, News via @YouTube",topodata,Tue Apr 07 03:08:28 +0000 2020,0,0,2025,1539,en,Dominican Republic,positive
"1,25E+18",Why are Namibian politicians and activists so mute about COVID 19? Are they only interested in political campaigns,JMbiriona,Tue Apr 07 03:08:33 +0000 2020,0,0,44,9,en,Namibia,negative
"1,25E+18",when you keep reading articles about coronavirus because you wanna know the peak so that this shit can be over with.,seemann_spazzy,Tue Apr 07 03:09:04 +0000 2020,0,0,140,378,en,United States,neutral
"1,25E+18",Probably the best description I've seen so far. Great recommendations on how to fight it proactively. #COVID19,jimserr,Tue Apr 07 03:09:12 +0000 2020,0,0,1858,1052,en,United States,positive
"1,25E+18","Almost 11,000 people have died in the country from coronavirus in less than a month. That's scary as hell.",ubathediplomat,Tue Apr 07 03:09:21 +0000 2020,0,0,1788,2281,en,United States,negative
"1,25E+18",Best thread: #COVID19,georgemastoras,Tue Apr 07 03:09:59 +0000 2020,0,0,683,1019,en,Canada,positive
"1,25E+18",@OrwellianBey @Thass283 They (Airlines) were the one spread #COVID19 around the globe - Them Mo fuc ers should be sued not billed out!!!,avirvisva,Tue Apr 07 03:10:04 +0000 2020,0,0,1219,1333,en,United Kingdom,negative
"1,25E+18",First Rikers Island inmate dies after testing positive for coronavirus,Sylvaners,Tue Apr 07 03:10:22 +0000 2020,0,0,10499,10020,en,United States,neutral
"1,25E+18","@kbssidhu1961 This person had moved to Honble High Court, Kerala to seeking directions regarding delivery of liquor in COVID 19 outbreak.",tiwanamardeep,Tue Apr 07 03:10:33 +0000 2020,0,0,77,646,en,India,neutral
"1,25E+18",11:11 no more covid19,katedimatatac_,Tue Apr 07 03:11:27 +0000 2020,0,0,449,396,en,Republic of the Philippines,positive
"1,25E+18",A New Covid-19 Crisis: Domestic Abuse Rises Worldwide #GenderEquityDuringAPandemic #CdnPoli #COVID19 #VAW,AnjumSultana,Tue Apr 07 03:11:48 +0000 2020,0,0,5005,4551,en,Canada,negative
"1,25E+18",Could tobacco cure coronavirus? Donâ€™t laugh. via @politico,WmMcGregor,Tue Apr 07 03:12:18 +0000 2020,0,0,1750,1943,en,United States,neutral
"1,25E+18","#Portugal has 300 #COVID19 deaths &amp; #Spain 13,000. Why such different stats?",adri16,Tue Apr 07 03:13:03 +0000 2020,0,0,5030,4848,en,United States,negative
"1,25E+18",Grax Covid-19 đŸ˜¢,eliab34,Tue Apr 07 03:13:05 +0000 2020,0,0,149,298,en,Mexico,negative
"1,25E+18",Is anyone else getting Coronavirus virus munchies every night?? Youâ€™re not high but you are eating a ton.,CoachBalto,Tue Apr 07 03:13:14 +0000 2020,0,0,1013,1004,en,United States,neutral
"1,25E+18",Big Tobacco Joins Race for Coronavirus Vaccine - WSJ,WmMcGregor,Tue Apr 07 03:13:17 +0000 2020,0,0,1750,1943,en,United States,neutral
"1,25E+18",China outraged after Brazil minister suggests Covid-19 is part of 'plan for world domination',rodolphosanttos,Tue Apr 07 03:14:10 +0000 2020,0,0,602,394,en,Ireland,neutral
"1,25E+18",Especially with COVID-19. Everyone should be in the house.,Sue_Zan404,Tue Apr 07 03:14:30 +0000 2020,0,0,423,219,en,United States,neutral
"1,25E+18",BBQ these days... #COVID19,RozNicolle,Tue Apr 07 03:15:30 +0000 2020,0,0,961,1030,en,Canada,neutral
"1,25E+18",Please donâ€™t go to a physical church for Easter. You can in deed get coronavirus in church.,neverwrightt,Tue Apr 07 03:16:06 +0000 2020,0,0,969,1184,en,United States,positive
"1,25E+18",People who recover from Coronavirus will be our greatest assets in the fight against this virus. Their plasma can save many lives.,rajeshsawhney,Tue Apr 07 03:16:12 +0000 2020,0,0,801,24716,en,India,positive
"1,25E+18","@realDonaldTrump The Coronavirus is great, but I wonâ€™t be happy until America is dead! Crown Prince Bethesda. đŸ‘‘đŸ‡©đŸ‡ªđŸ‡®đŸ‡¹đŸ‡¯đŸ‡µâ›ï¸â˜ªï¸đŸ‡¦đŸ‡¹đŸ‡¸đŸ‡ªđŸ™đŸ˜‡â¤ï¸âœŒï¸đŸ‡¯đŸ‡´đŸ‡®đŸ‡ªđŸ‡¹đŸ‡·đŸ‡§đŸ‡´",HogansonDonald,Tue Apr 07 03:16:22 +0000 2020,0,0,2912,402,en,United States,neutral
"1,25E+18",@kevinfolta Bravecto will keep COVID19 away for 6 months.,mz55qrf,Tue Apr 07 03:17:45 +0000 2020,0,0,3421,1881,en,United States,negative
"1,25E+18",Coronavirus stay-at-home orders have reduced traffic crashes by half @latimes #CrashnotAccident,EricaMattison,Tue Apr 07 03:18:18 +0000 2020,0,0,4335,3266,en,United States,neutral
"1,25E+18",Council processes Â£17million in grants for businesses in Torridge hit by Coronavirus crisis,Daily_DEVON,Tue Apr 07 03:18:31 +0000 2020,0,0,1403,3568,en,United Kingdom,neutral
"1,25E+18","Projected US deaths in 2020 by cancer: 545,000 Percentage of Americans killed by COVID19 as of 4/6: 0.00331",ChrisGallowayOH,Tue Apr 07 03:18:41 +0000 2020,0,0,1636,470,en,United States,negative
"1,25E+18","If I fail, it was Coronavirus",callme_selena,Tue Apr 07 03:19:11 +0000 2020,0,0,2972,3813,en,United States,negative
"1,25E+18","Increase your immunity to fight with #coronavirus, we will definitely win on this #COVID19 .",abhinavbillaiya,Tue Apr 07 03:20:00 +0000 2020,0,0,1607,305,en,India,positive
"1,25E+18",Just...đŸ¤£đŸ¤£đŸ¤£đŸ¤£đŸ¤£đŸ¤£ 17 funny church signs about the coronavirus pandemic that Jesus would've loved. via @someecards,archangelcrew,Tue Apr 07 03:20:57 +0000 2020,0,0,6364,13589,en,United States,neutral
"1,25E+18",Increasing cases of covid 19 likely moving towards extended lockdown people need to be more aware of the fact that they are their protectors,Mayurwadgaonkar,Tue Apr 07 03:21:52 +0000 2020,0,0,72,1,en,India,negative
"1,25E+18",Can't believe these people's is moving so fast in compare with #COVID19 .,abhinavbillaiya,Tue Apr 07 03:22:51 +0000 2020,0,0,1607,305,en,India,neutral
"1,25E+18",A MUST READ #COVID19,fidziz,Tue Apr 07 03:23:50 +0000 2020,0,0,710,273,en,Malaysia,neutral
"1,25E+18",@MDalemar_dul Pbre coronavirus !!,ALECARXIM,Tue Apr 07 03:23:54 +0000 2020,0,0,2337,2130,en,Estados Unidos,neutral
"1,25E+18","No, honey...you cannot use my panties to make a pandemic mask. #newnormal #COVID19 #boundaries",AmandaFluharty,Tue Apr 07 03:24:01 +0000 2020,0,0,59,31,en,United States,neutral
"1,25E+18",You know you've been quarantined too long when you begin rearranging magnets on your fridge. #COVID19,joesalzone,Tue Apr 07 03:24:18 +0000 2020,0,0,1407,817,en,United States,negative
"1,25E+18",Nearly 3 dozen who attended event at Arkansas church test positive for coronavirus via @nbcnews,GorkaJoseph,Tue Apr 07 03:24:46 +0000 2020,0,0,40,37,en,United States,neutral
"1,25E+18",Lady Gaga helps World Health Organization fight Coronavirus | United Nations Reports,photobotanical,Tue Apr 07 03:24:57 +0000 2020,0,0,4848,3154,en,United States,positive
"1,25E+18",@nhannahjones Thank you for this thread. Anyone who still thinks #COVID19 is the great equalizer should get schooled here.,BethSFeagan,Tue Apr 07 03:25:36 +0000 2020,0,0,4128,817,en,United States,positive
"1,25E+18",@natashaldaly Well you shouldnâ€™t panic people saying that a fucking tiger has coronavirus in the first place,marceloguerra84,Tue Apr 07 03:25:39 +0000 2020,0,0,896,417,en,Mexico,neutral
"1,25E+18",#COVID19 isolationing,jake_weisz,Tue Apr 07 03:26:15 +0000 2020,0,0,129,159,en,Australia,neutral
"1,25E+18",@Amy_Siskind @realDonaldTrump You seriously are blaming the Coronavirus on President Trump??,DebraBreece,Tue Apr 07 03:26:24 +0000 2020,0,0,153,33,en,United States,neutral
"1,25E+18",â€˜Ticking time bomb:â€™ Florida acknowledges first inmate coronavirus case â€” and then a second,criminalDfense,Tue Apr 07 03:26:47 +0000 2020,0,0,1308,2530,en,United States,neutral
"1,25E+18",How about being of these scientists.đŸ˜³đŸ˜³ Scientists could use our poop to predict coronavirus outbreaks,maltagoya1,Tue Apr 07 03:26:51 +0000 2020,0,0,90,104,en,United States,neutral
"1,25E+18",DFOs to assist J&amp;K Deputy Commissioners in fight against COVID-19 | Greater Kashmir,DrMehrajj,Tue Apr 07 03:27:07 +0000 2020,0,0,78,37,en,,neutral
"1,25E+18",Trump touts hydroxychloroquine as a cure for Covid-19. Don't believe the hype,JohnLocker4,Tue Apr 07 03:27:25 +0000 2020,0,0,2948,1834,en,Australia,positive
"1,25E+18",đŸ›‘COVID-19: Cases Hit 287,Tony98Tony,Tue Apr 07 03:27:43 +0000 2020,0,0,411,366,en,United States,neutral
"1,25E+18","This is incredible! COVID-19: Coquitlam company retools, will be first in Canada to produce N95 respirators.",MedicMatt17512,Tue Apr 07 03:27:55 +0000 2020,0,0,692,700,en,Canada,neutral
"1,25E+18",The many faces of COVID 19 social distancing and quarantine exercises.,sungurl23,Tue Apr 07 03:28:37 +0000 2020,0,0,226,304,en,United States,neutral
"1,25E+18",I was amazed at the speedy trial. Was a Covid-19 special court or our regular.,ifediokwenna,Tue Apr 07 03:28:50 +0000 2020,0,0,1626,1225,en,Nigeria,neutral
"1,25E+18","Mount Sinai Launches New App to Track COVID-19 in NYC, Asks All New Yorkers to Help",ganeshpuri89,Tue Apr 07 03:28:59 +0000 2020,0,0,1582,1452,en,United States,positive
"1,25E+18",I can't wait until Covid-19 is gone and I can get back to sleeping in lecture and my mom can eat the banana bread her co-workers bring her.,Rene_Caruso,Tue Apr 07 03:29:11 +0000 2020,0,0,234,71,en,Canada,neutral
"1,25E+18",The US Supreme Court just sided with Republicans in the first coronavirus-related election case,Karkouch3,Tue Apr 07 03:29:20 +0000 2020,0,0,889,556,en,France,negative
"1,25E+18",I swear if I see one more person say Coronavirus is created from 5G towers đŸ™„,atheletslife43,Tue Apr 07 03:29:34 +0000 2020,0,0,302,537,en,United States,negative
"1,25E+18","@NahBabyNah @OneofeachBrown With COVID-19, if you use a public menâ€™s room...shouldnâ€™t you wash your Joey also??? What do you think?",clambert54,Tue Apr 07 03:29:37 +0000 2020,0,0,548,745,en,United States,negative
"1,25E+18","Top three sectors affected by #coronavirus: Travel, Retail and Fitness",bhatvakash,Tue Apr 07 03:29:52 +0000 2020,0,0,919,880,en,United States,negative
"1,25E+18",Grocery workers are beginning to die of coronavirus,heavyweight_nyc,Tue Apr 07 03:30:29 +0000 2020,0,0,393,662,en,United States,negative
"1,25E+18",COVID-19: *exists* Me: :( Godzilla: rawr Me: :),ahardjaysnight,Tue Apr 07 03:30:32 +0000 2020,0,0,991,346,en,United States,neutral
"1,25E+18","Top three sectors affected by #coronavirus: Travel, Retail and Fitness More here:",bhatvakash,Tue Apr 07 03:30:38 +0000 2020,0,0,919,880,en,United States,negative
"1,25E+18",Imagine surviving COVID-19 then China releases COVID-19S Pro... đŸ¤¯,xavgar2967,Tue Apr 07 03:30:42 +0000 2020,0,0,1970,2019,en,United States,negative
"1,25E+18",Why does Trump call an 86-year-old unproven drug a game changer against coronavirus?,Karkouch3,Tue Apr 07 03:31:07 +0000 2020,0,0,889,556,en,France,neutral
"1,25E+18","@mitchellvii For Covid-19 to be as lethal as influenza HAS ALREADY been this year - it would have to claim at least 30,000+ victims",luauboy,Tue Apr 07 03:31:23 +0000 2020,0,0,203,46,en,United States,negative
"1,25E+18",@ThatCheekyLass Trump has Coronavirus,Unveiled76,Tue Apr 07 03:32:18 +0000 2020,0,0,1397,997,en,United States,negative
"1,25E+18",Day 11: room transfer #covid_19 #covid19 #coronacation,ThePreamble2,Tue Apr 07 03:32:32 +0000 2020,0,0,38,7,en,Republic of the Philippines,neutral
"1,25E+18","Aliens', 'Star Wars' and 'Foyle's War' actor Jay Benedict dies due to coronavirus complications via @YahooMoviesUK",TVMCCA,Tue Apr 07 03:32:57 +0000 2020,0,0,2323,1826,en,United States,neutral
"1,25E+18","Iâ€™m not gonna lie, this time off will be the reason I gained the #Covid19 !",RonaldMcClurkin,Tue Apr 07 03:32:59 +0000 2020,0,0,232,3016,en,United States,neutral
"1,25E+18",Trump Contradicts Experts on Coronavirus Treatment After Months of Denia... via @YouTube,sarah052794,Tue Apr 07 03:33:12 +0000 2020,0,0,764,1359,en,United States,neutral
"1,25E+18","@anshelsag You could just walk in and say â€œI survived COVID-19, out of the way bitches.â€",Krewell,Tue Apr 07 03:33:17 +0000 2020,0,0,983,2510,en,United States,neutral
"1,25E+18",My ask to you: Letâ€™s help those working on the frontlines and our most vulnerable in our communities - #stayathome if you can. #COVID19,TonyVargas,Tue Apr 07 03:33:27 +0000 2020,0,0,3639,3892,en,United States,neutral
"1,25E+18",Trump again misleads on the availability of coronavirus testing. (1/2),wlabovitz,Tue Apr 07 03:33:44 +0000 2020,0,0,3882,1588,en,United States,neutral
"1,25E+18",What cities near me have been affected by coronavirus? via @aajtak #coronavirus #covid19,etp_stp_plant,Tue Apr 07 03:33:48 +0000 2020,0,0,425,101,en,India,neutral
"1,25E+18",Imagine being in a generation with that BIG earthquake AND coronavirus đŸ˜•,tenillewm,Tue Apr 07 03:34:13 +0000 2020,0,0,1365,2060,en,Trinidad and Tobago,negative
"1,25E+18",Someone in the lumber dept tested positive for COVID-19. So half the people who work in lumber are on leave.,nicoleapi,Tue Apr 07 03:34:24 +0000 2020,0,0,181,291,en,United States,neutral
"1,25E+18",Gooooo chinaaaaa Coronavirus: China records first day with no deaths since January #Coronavirus,_amira_x,Tue Apr 07 03:34:44 +0000 2020,0,0,167,882,en,United States,positive
"1,25E+18",I need to stop watching coronavirus storytimes on YT cause Iâ€™m out here diagnosing myself for having a headache,pvllamas,Tue Apr 07 03:35:37 +0000 2020,0,0,999,1908,en,United States,neutral
"1,25E+18",@JordanSchachtel @Leisa1D28 Next week they will declare that oxygen and water are dangerous to COVID19 patients.,HercFamily5,Tue Apr 07 03:36:09 +0000 2020,0,0,1318,1449,en,United States,neutral
"1,25E+18",@Kosmatos Permission to cure COVID-19 required,dakotadallen,Tue Apr 07 03:36:36 +0000 2020,0,0,373,360,en,United States,positive
"1,25E+18",@StayWonked He has Coronavirus. Itâ€™s that or heâ€™s responding badly to drugs heâ€™s taken that he recommends,Unveiled76,Tue Apr 07 03:37:03 +0000 2020,0,0,1397,997,en,United States,neutral
"1,25E+18",4 people were cited in Monterey County for violating the shelter-in-place order per @MontereyHerald #COVID19,BeckyJohnson222,Tue Apr 07 03:37:14 +0000 2020,0,0,4188,3200,en,United States,negative
"1,25E+18",@SenBooker Can you contact me I left a voicemail for you regarding the kids during #COVID19 VERY IMPORTANT! Thank you!,ERS1,Tue Apr 07 03:37:30 +0000 2020,0,0,478,97,en,United States,neutral
"1,25E+18","WAY TO GO, CHINA!!! Coronavirus: China records first day with no deaths since January #Coronavirus",Singer_FitGal,Tue Apr 07 03:37:56 +0000 2020,0,0,161,19,en,United States,positive
"1,25E+18",â¤NARM-Gh donates sanitary items to GHS to support fight against coronavirus,Tony98Tony,Tue Apr 07 03:39:12 +0000 2020,0,0,411,366,en,United States,positive
"1,25E+18",@yiddishekopf @KatTimpf @johnnydollar01 So littetally the SAME exact side affects as you know our friend covid-19??? Lol. Makes zero sense.,rex1616,Tue Apr 07 03:39:44 +0000 2020,0,0,526,298,en,United States,neutral
"1,25E+18",Corona beer is supposedly going out of business because COVID-19 is trashing them right now,Bnasty11,Tue Apr 07 03:40:03 +0000 2020,0,0,817,743,en,United States,neutral
"1,25E+18",COVID-19: REPS SEEK 2-MONTH ELECTRICITY PAYMENT WAIVER FOR ALL NIGERIANS. Kudos to: @femigbaja @IamJimiBenson,Magajiabdullah5,Tue Apr 07 03:40:22 +0000 2020,0,0,316,62,en,Nigeria,neutral
"1,25E+18",We can only hope #pell comes out and gets #coronavirus,Haydos_86,Tue Apr 07 03:40:59 +0000 2020,0,0,289,492,en,Australia,positive
"1,25E+18",How Tea Party Budget Battles Left the National Emergency Medical Stockpile Unprepared for Coronavirus,YellaDogTexan,Tue Apr 07 03:41:40 +0000 2020,0,0,4236,3979,en,United States,positive
"1,25E+18",praying for healing đŸŒđŸ™ #Covid19 #LAprilAnew,L_unleashed,Tue Apr 07 03:41:47 +0000 2020,0,0,522,453,en,Republic of the Philippines,positive
"1,25E+18",Me enjoying the rest of the year when Quarantine for Corona Ends. #COVID19,thronekidd,Tue Apr 07 03:42:01 +0000 2020,0,0,228,202,en,United States,positive
"1,25E+18",iâ€™m being treated like i got covid-19 when all i got is a cough,dominiquee_af,Tue Apr 07 03:42:20 +0000 2020,0,0,106,302,en,United States,neutral
"1,25E+18",Flowers make birthdays feel like a special celebration even with #SocialDistancing #COVID19,Debra_Yergen,Tue Apr 07 03:42:31 +0000 2020,0,0,698,521,en,United States,negative
"1,25E+18","Today is world health day so let be healthy by doing yoga, jogging, eat vegetarian food. #WorldHealthDay #Covid19",Dksmurti,Tue Apr 07 03:42:44 +0000 2020,0,0,1455,46,en,India,positive
"1,25E+18",God distributing COVID-19,polo_man404,Tue Apr 07 03:42:45 +0000 2020,0,0,5001,3483,en,United States,neutral
"1,25E+18",I can't keep up with all of your #COVID19 conspiracy theories. You lot have worn me out.,Speedqueenie,Tue Apr 07 03:44:19 +0000 2020,0,0,2385,2621,en,United Kingdom,neutral
"1,25E+18",Teen tests positive for coronavirus in Cook County juvenile detention center #Nooooo,godlymanb,Tue Apr 07 03:44:24 +0000 2020,0,0,43,28,en,United States,negative
"1,25E+18",@NYGovCuomo Can you contact me regarding the kids during #COVID19 VERY IMPORTANT! Thank you!,ERS1,Tue Apr 07 03:44:41 +0000 2020,0,0,478,97,en,United States,negative
"1,25E+18",The Wisconsin Supreme Court met virtually today to decide that people have to risk getting COVID-19 by voting in person tomorrow. Shameful.,nzeichner,Tue Apr 07 03:44:47 +0000 2020,0,0,1163,827,en,United States,neutral
"1,25E+18",Covid 19 has landed in So itâ€™s going to do its part. What we have now is workout #Differential Exposure &amp; wait for #Herd Immunity,gafayazsogami,Tue Apr 07 03:44:54 +0000 2020,0,0,220,40,en,,neutral
"1,25E+18",@TheTrueAmerica5 Not tonight! If only it was that simple. The coronavirus is far more terrifying than the White Walkers.,HashleyJeannie,Tue Apr 07 03:45:13 +0000 2020,0,0,11128,10984,en,United States,neutral
"1,25E+18",El super off Compton and gage got 7 workers who got infected with the coronavirus !!!!!,yungteresa_,Tue Apr 07 03:45:48 +0000 2020,0,0,195,49,en,United States,neutral
"1,25E+18",@NYCMayor Can you contact regarding the kids during #COVID19 VERY IMPORTANT! Thank you!,ERS1,Tue Apr 07 03:45:58 +0000 2020,0,0,480,97,en,United States,neutral
"1,25E+18",Iâ€™m going to be on my bullshit as soon as this coronavirus shit is over.,FreshKid_Danny,Tue Apr 07 03:46:43 +0000 2020,0,0,354,620,en,United States,neutral
"1,25E+18",Coronavirus: China records first day with no deaths since January #Coronavirus,eldorado197506,Tue Apr 07 03:46:49 +0000 2020,0,0,5000,889,en,People's Republic of China,positive
"1,25E+18",See our ongoing commentary and insights on #COVID19:,advocatalk,Tue Apr 07 03:47:50 +0000 2020,0,0,695,1936,en,Sri Lanka,neutral
"1,25E+18",For us to ponder upon. #COVID19 #COVID19Malaysia #natureagainsthumanity,ashieridzuan,Tue Apr 07 03:47:52 +0000 2020,0,0,267,140,en,Malaysia,positive
"1,25E+18",đŸ›‘3 institutions use data to support fight against COVID-19,Tony98Tony,Tue Apr 07 03:48:09 +0000 2020,0,0,411,366,en,United States,negative
"1,25E+18",@antonioguterres đŸ‘đŸ¼đŸ‘đŸ¼đŸ‘đŸ¼đŸ‘đŸ¼đŸ‘đŸ¼đŸ‘đŸ¼ Health workers and medics worldwide #Covid_19 #WorldHealthDay #COVID19,BeingCharlie,Tue Apr 07 03:48:17 +0000 2020,0,0,64,3824,en,Kenya,positive
"1,25E+18",Day 11: new room. đŸ˜­ #covid_19 #covid19 #coronacation,ThePreamble2,Tue Apr 07 03:48:25 +0000 2020,0,0,38,7,en,Republic of the Philippines,positive
"1,25E+18",you fuckers who keep associating covid-19 with these 5G towers are so mf ignorant,mrcountup_,Tue Apr 07 13:29:22 +0000 2020,0,0,29,242,en,United States,negative
"1,25E+18",Addiction might be especially difficult to manage during the COVID-19 pandemic.,RyanForRecovery,Tue Apr 07 13:30:32 +0000 2020,0,0,16770,74979,en,United States,negative
"1,25E+18",Nova Scotia reports first death connected to COVID-19,therealcjthadj,Tue Apr 07 13:30:38 +0000 2020,0,0,4446,1476,en,Canada,negative
"1,25E+18",COVID-19 forces construction industry to slow the pace,MeritNS,Tue Apr 07 13:31:37 +0000 2020,0,0,334,258,en,Canada,neutral
"1,25E+18",If you sneeze or fart ithey say its covid19. Oh Please just feck off,JulesIsrael,Tue Apr 07 13:42:09 +0000 2020,0,0,651,7296,en,United Kingdom,neutral
"1,25E+18",The restock struggle will be real #coronavirus #Isolation,Ldmmyer,Tue Apr 07 13:43:12 +0000 2020,0,0,244,330,en,United States,neutral
"1,25E+18",The networks are allowing Trump to use the Covid-19 coverage to do political campaigning. The Democrats should get equal time.,TheresaReichert,Tue Apr 07 13:43:33 +0000 2020,0,0,2068,1252,en,United States,neutral
"1,25E+18",My friends sister works with Coronavirus patients and she is in a full hazmat suit pretty much...,PleasantCameron,Tue Apr 07 13:56:10 +0000 2020,0,0,801,460,en,United States,neutral
"1,25E+18",Coronavirus: France reports its worst day of COVID-19 deaths so far #Coronavirus,Stephan78710787,Tue Apr 07 13:56:12 +0000 2020,0,0,1057,69,en,United States,neutral
"1,25E+18",Thank you to all frontline healthcare workers for the sacrifices you are making to care for people impacted by #COVID19.,TonyVargas,Mon Apr 06 21:26:11 +0000 2020,0,0,3639,3890,en,United States,neutral
"1,25E+18",#PedsICU #COVID19 collaboration!,brownam130,Mon Apr 06 21:27:19 +0000 2020,0,0,1736,880,en,United States,positive
"1,25E+18","Kissinger says â€˜even USâ€™ canâ€™t defeat Covid-19 alone. His solution? Global NWO government, of course",ramizf,Mon Apr 06 21:27:27 +0000 2020,0,0,2086,714,en,Hashemite Kingdom of Jordan,neutral
"1,25E+18","@GovAndyBeshear says Kentucky has 54 new cases of #COVID19. The state now has 1,008 #Coronavirus cases.",OnAirWithRick,Mon Apr 06 21:28:00 +0000 2020,0,0,1675,26123,en,United States,negative
"1,25E+18",UPDATE: @GovAndyBeshear reporting 54 new cases of #coronavirus in KY today and 14 deaths. đŸ’ @ABC36News,ericabivens,Mon Apr 06 21:29:36 +0000 2020,0,0,5003,2138,en,United States,negative
"1,25E+18","Our acting PM, so that's all good #COVID19",ijbrads66,Mon Apr 06 21:29:47 +0000 2020,0,0,3983,3948,en,United Kingdom,positive
"1,25E+18","@realdonaldtrump @joebiden THIS IS A BOLD FACED LIE! Trump cares nothing about any if us. Trump says more than 2 million coronavirus tests have been done in the US, and claims mass testing not n... #Topbuzz",maribeth99,Fri Apr 10 04:17:39 +0000 2020,0,0,1825,826,en,United States,neutral
"1,25E+18",@atuhairepatx Again we are affected by pandemic corona virus. Its worse.,GideonL41195085,Fri Apr 10 04:49:26 +0000 2020,0,0,4975,1594,en,Kenya,negative
"1,25E+18",đŸ”´ LIVE: Trump White House Coronavirus Press Briefing with Taskforce via @YouTube,FugenaAlaska,Mon Apr 06 21:30:00 +0000 2020,0,0,1700,1731,en,United States,neutral
"1,25E+18",Philadelphia police officer dies of COVID-19; city's death toll at 45,KatieKatro6abc,Mon Apr 06 21:30:04 +0000 2020,0,0,532,8536,en,United States,negative
"1,25E+18",yâ€™all really showing yâ€™all asses behind this coronavirus stuff,gxldpevrls,Mon Apr 06 21:30:45 +0000 2020,0,0,8684,28975,en,United States,neutral
"1,25E+18",Does no one know what a Coronavirus actually is by now?,Patrickrazzi,Mon Apr 06 21:30:48 +0000 2020,0,0,2008,4351,en,United States,neutral
"1,25E+18",@Ninety7Bravo @DDayCobra Cheers bud. Not sure if she has covid 19 or not but it's worrying. Here's hoping Boris pulls through.,Club_Star_Wars,Mon Apr 06 21:30:49 +0000 2020,0,0,1781,1176,en,United Kingdom,nue
"1,25E+18",Be part of the Home Team #HomeTeam #StayAtHome #Covid19,DCamogie,Mon Apr 06 21:30:50 +0000 2020,0,0,607,853,en,Ireland,positive
"1,25E+18",Thank you DG #CoronavirusInSA #Day11ofLockdown #COVID19,bujeroSA,Mon Apr 06 21:31:00 +0000 2020,0,0,1537,403,en,South Africa,positive
"1,25E+18",Did anyone get tested who thought they had the coronavirus in December? Apparently hey can detect the coronavirus antibodies.,MAGAkitten,Mon Apr 06 21:31:01 +0000 2020,0,0,4620,4630,en,United States,neutral
"1,25E+18",@Jrodrigues1954 Causa mortis: covid-19!,rogeriocastilho,Mon Apr 06 21:31:04 +0000 2020,0,0,226,8299,en,Brasil,neutral
"1,25E+18",Coronavirus: Cardiff surgeon Jitendra Rathod dies,huwthomas,Mon Apr 06 21:31:12 +0000 2020,0,0,2093,7927,en,United Kingdom,neutral
"1,25E+18","Wheezing up a storm, but Iâ€™m going to go with...#asthma, not #Coronavirus. ...because no fever/high pollen counts.",orangejuicejen,Mon Apr 06 21:31:31 +0000 2020,0,0,1645,635,en,United States,neutral
"1,25E+18",@teddi_speaks So COVID-19 now has a brand Ambassador?,swagnito,Mon Apr 06 21:31:51 +0000 2020,0,0,9805,11461,en,Nigeria,neutral
"1,25E+18",The truth about #COVID19 and the #DeepState agenda.,S3xySurfer,Mon Apr 06 21:32:05 +0000 2020,0,0,423,947,en,ëŒ€í•œë¯¼êµ­,neutral
"1,25E+18",First carer to die from #coronavirus pictured after 25 years as key worker đŸ˜¢,LTHlondon,Mon Apr 06 21:32:21 +0000 2020,0,0,4813,7439,en,United Kingdom,neutral
"1,25E+18","UK death toll surges as more than 5,000 people die from covid-19",CheImsford,Mon Apr 06 21:33:05 +0000 2020,0,0,1800,7532,en,United Kingdom,negative
"1,25E+18",I tested positive for COVID-19 &amp; yes I did recover!#PleaseStayHome #AllLivesMatter,riofacelove,Mon Apr 06 21:33:16 +0000 2020,0,0,578,1301,en,United States,positive
"1,25E+18",Coronavirus: Pastor who decried 'hysteria' dies after attending Mardi Gras,Browndeus,Mon Apr 06 21:52:01 +0000 2020,0,0,1772,3778,en,United Kingdom,negative
"1,25E+18","I care about you, please stay safe. #CoronavirusOutbreak #COVID19 #CoronaVirusNigeria #COVID19Nigeria",oluobededom,Mon Apr 06 21:52:06 +0000 2020,0,0,2862,1513,en,United States,negative
"1,25E+18",Trumo didn't buy testing kits for Covid 19 because he didn't want it to get to the US??? Logical?,KingKing3107,Mon Apr 06 21:52:13 +0000 2020,0,0,3714,3143,en,United Kingdom,negative
"1,25E+18",This Is The Year of the #Pricks2020 COVID19-#Prick President of USA #Prick Quarantine #Prick Enployed But Canâ€™t Work #Prick,astar2shyne1,Mon Apr 06 21:52:13 +0000 2020,0,0,882,129,en,United States,neutral
"1,25E+18",#NMG Plan to use New York parks to bury COVID-19 victims is a contingency; it is not currently implemented,cgzx,Mon Apr 06 21:52:28 +0000 2020,0,0,2721,329,en,United States,neutral
"1,25E+18",Gilead gives update on experimental coronavirus treatment | Fox News,shawn_anand,Mon Apr 06 21:52:54 +0000 2020,0,0,5001,2912,en,United States,neutral
"1,25E+18","US Covid-19 deaths top 10,000 - Asia Times",MohammedIqbal57,Mon Apr 06 21:53:39 +0000 2020,0,0,295,756,en,United Kingdom,neutral
"1,25E+18","If there is anyone who can defeat covid19, itâ€™s this woman.",xoxotonyy,Mon Apr 06 21:54:39 +0000 2020,0,0,347,359,en,United States,neutral
"1,25E+18","When it comes to stopping the pandemic, Iâ€™ve got just the ticket. #stayhome #gif #COVID19",sharnafulton,Mon Apr 06 21:55:42 +0000 2020,0,0,1657,1580,en,United States,neutral
"1,25E+18",#Barbados has a second death due to the Coronavirus virus đŸ¦ situation #COVID19 #Coronavirus #Caribbean #WestIndies,CarterClaude,Mon Apr 06 21:55:53 +0000 2020,0,0,72,16,en,Barbados,negative
"1,25E+18",The world needs strong leaders': Alberta's medical face of COVID-19 shines light in dark times | CBC News #COVID19,erindavisco,Mon Apr 06 21:55:58 +0000 2020,0,0,781,411,en,Canada,negative
"1,25E+18",First Prisoner Killed By Coronavirus Was Nonviolent Drug Offender via @ganjapreneur,pauli_jorge,Mon Apr 06 21:56:16 +0000 2020,0,0,1178,386,en,United States,negative
"1,25E+18",Coronavirus: can sunbathing spread the virus and should we ban outdoor exercise?,virginiaolmedo,Mon Apr 06 21:56:41 +0000 2020,0,0,2462,2798,en,EspaĂ±a,neutral
"1,25E+18","A second potential COVID-19 vaccine, backed by Bill and Melinda Gates, is entering human testing â€“ TechCrunch",dchern,Mon Apr 06 21:57:03 +0000 2020,0,0,3068,354,en,Canada,negative
"1,25E+18",Inspirational': Chief medical officers are leading Canada through COVID-19 pandemic | CBC News #COVID19,erindavisco,Mon Apr 06 21:57:04 +0000 2020,0,0,781,411,en,Canada,negative
"1,25E+18",Our common humanity will see us through! #COVID19 #corona,HaniSelim10,Mon Apr 06 21:57:06 +0000 2020,0,0,439,363,en,Egypt,neutral
"1,25E+18","Watching CNN right because itâ€™s bypassing traitor Trumpâ€™s coronavirus briefing propaganda , nothing but lies .",chgo61,Mon Apr 06 21:57:06 +0000 2020,0,0,328,33,en,United States,neutral
"1,25E+18",CNN IS DELIBERATLY NOT AIRING THE PRESIDENT TRUMP NEWS CONFERENCE ON COVID 19 WHICH SHOWS THE DRIFT BETWEEN HIM AND CNN???,AAlashwal,Mon Apr 06 21:57:29 +0000 2020,0,0,989,463,en,Kingdom of Saudi Arabia,neutral
"1,25E+18",Why don't we just get the Coronavirus And move it somewhere else,Z_2raw21,Mon Apr 06 21:57:45 +0000 2020,0,0,729,231,en,United States,neutral
"1,25E+18","Thank you, @vfong for the update on the #CAHealthCorps to fight #COVID19.",lesley_bonds,Mon Apr 06 22:16:09 +0000 2020,0,0,852,690,en,United States,positive
"1,25E+18",Swiss watchman rings cathedral bell to signal hope amid coronavirus pandemicÂ Â New York Post,swissonlinedati,Mon Apr 06 22:17:03 +0000 2020,0,0,402,1887,en,Switzerland,negative
"1,25E+18","BUSTED! Bill Gates Slips, Reveals TERRIFYING Coronavirus ENDGAME, Ted Ta... via @YouTube",DeborahBee1959,Mon Apr 06 22:17:19 +0000 2020,0,0,783,296,en,United States,negative
"1,25E+18",U better distance yourself from unfaithful mates. Don't want that CoronaVirus penis &amp; vagina. Keep 6 ft away that means no sex #MrsDonna,donna35850,Mon Apr 06 22:17:48 +0000 2020,0,0,2866,1215,en,United States,neutral
"1,25E+18","... are working on reduced schedules. Furthermore, COVID19 is prothrombotic and patients with recent thrombosis may be at particular risk.",DavidKahnMD,Mon Apr 06 22:17:51 +0000 2020,0,0,35,26,en,United States,neutral
"1,25E+18","when your best friend has the coronavirus but you wanna visit, and make it fashion",bigbronxenergy,Mon Apr 06 22:18:06 +0000 2020,0,0,1132,718,en,United States,neutral
"1,25E+18","Please, #StayHomeSaveLives #StaySafe BBC News - Coronavirus: Inside an ICU fighting Covid-19",SathishResearch,Mon Apr 06 22:18:08 +0000 2020,0,0,442,315,en,United Kingdom,positive
"1,25E+18","why doesnâ€™t the coronavirus just like,, stop",kaitonpadget,Mon Apr 06 22:18:48 +0000 2020,0,0,299,181,en,United States,positive
"1,25E+18",2020 is actually confusing the hell out of me. If anyone is gonna survive #Coronavirus it's gonna be the turkeys.,EvanVBerry,Mon Apr 06 22:19:10 +0000 2020,0,0,255,381,en,Estados Unidos,neutral
"1,25E+18","Hospitals to OIG: Lack of tests, PPE and consistent guidance hamstringing COVID-19 response",dandunlop,Mon Apr 06 22:19:18 +0000 2020,0,0,6396,7082,en,United States,positive
"1,25E+18",NYC official who lost his mother to coronavirus says Trump 'has blood on his hands',jsayler,Mon Apr 06 22:19:24 +0000 2020,0,0,1259,1165,en,United States,neutral
"1,25E+18",Phive with a Pharmacist - COVID-19 @CPESN @CPESN_TX @Kfox955 @lufkindailynews,MedShoppeLufkin,Mon Apr 06 22:20:15 +0000 2020,0,0,163,231,en,United States,neutral
"1,25E+18",Makes me laugh every time!! #COVID19 #Latinamoms,jrubioo,Mon Apr 06 22:20:16 +0000 2020,0,0,287,92,en,United States,positive
"1,25E+18",&amp; i wouldâ€™ve gotten my braces off next monday but nooooo pinche coronavirus doesnâ€™t want me to be HOT !!!!,valleylemon,Mon Apr 06 22:20:19 +0000 2020,0,0,526,2181,en,United States,neutral
"1,25E+18",Yuval Noah Harari: the world after coronavirus | Free to read,ASJUV,Mon Apr 06 22:20:23 +0000 2020,0,0,889,238,en,Italia,neutral
"1,25E+18",BBC News - Coronavirus: Boris Johnson moved to intensive care as symptoms worsen,kenpty,Mon Apr 06 22:20:41 +0000 2020,0,0,2629,635,en,Panama,negative
"1,25E+18","Coronavirus, schlimmste Symptome: Virtue Signalling.",Superlokkus,Mon Apr 06 22:20:50 +0000 2020,0,0,44,105,en,Germany,negative
"1,25E+18",Itâ€™s been one week since the #COVID19 lockdown in Lagos. What new things have you learnt?! Letâ€™s share ideas and help others,Spazzmodic,Mon Apr 06 22:20:54 +0000 2020,0,0,366,240,en,Nigeria,neutral
"1,25E+18",I think that was the first time I heard Fauci talk positively about treatments. #COVID19,RpublicRestored,Mon Apr 06 22:21:06 +0000 2020,0,0,4987,4294,en,United States,neutral
"1,25E+18","New testing site:COVID-19 Update April 4, 2020",Only1sheleah,Mon Apr 06 22:21:18 +0000 2020,0,0,813,1027,en,United States,neutral
"1,25E+18",@realDonaldTrump acquisition of India with trade malpractice is just shameful! #h1b doctors are treating #COVID19 patients in the US.,amish_d,Mon Apr 06 22:21:32 +0000 2020,0,0,71,244,en,United States,negative
"1,25E+18","We cannot stop spreading of COVID-19, but we CAN delay it's speed to save medical resources and to save the lives our fellow, human beings.",hotokenosue,Mon Apr 06 22:22:17 +0000 2020,0,0,0,0,en,æ—¥æœ¬,negative
"1,25E+18",Wisconsin Election Back On For Tuesday In The Middle Of Coronavirus Pandemic,MsCjay,Mon Apr 06 22:22:17 +0000 2020,0,0,3060,3073,en,United States,negative
"1,25E+18",@kauelilara COVID-19,Well_aureliano,Mon Apr 06 22:22:23 +0000 2020,0,0,122,168,en,Brasil,neutral
"1,25E+18",2020 Detroit Chevrolet Grand Prix canceled due to COVID-19 via @YouTube,sarah052794,Mon Apr 06 22:41:16 +0000 2020,0,0,764,1358,en,United States,neutral
"1,25E+18",@realDonaldTrump tested negative twice for #covid19 tested positive twice for methamphetamines,pubdave24,Mon Apr 06 22:41:59 +0000 2020,0,0,370,29,en,United States,negative
"1,25E+18",*When This is Over* Remember to spend more time with your parents and your elders. #coronavirus #COVID19,supertedmannan,Mon Apr 06 22:42:31 +0000 2020,0,0,1596,1006,en,United Kingdom,positive
"1,25E+18",#ElPaso now has 125 cases of #COVID19.,HollyKFOX_CBS,Mon Apr 06 22:43:07 +0000 2020,0,0,402,1629,en,United States,negative
"1,25E+18",Why is it that the zip code I live in has the highest COVID19 density. Stay inside zip code 32207.đŸ˜³đŸ™„ #StayAtHome,allyson_tudor,Mon Apr 06 22:43:13 +0000 2020,0,0,145,19,en,United States,neutral
"1,25E+18","Scientific community - This is great, but we actually asked for a Covid-19 antibody test...",brianwhelanhack,Mon Apr 06 22:43:16 +0000 2020,0,0,3166,14535,en,United Kingdom,positive
"1,25E+18",@JayCampbell333 There is not a single proof in the text that the man has ever had COVID-19. So you are BS.,PredragBrajovic,Mon Apr 06 22:43:22 +0000 2020,0,0,1011,2206,en,Republic of Serbia,neutral
"1,25E+18",@BarackObama why did you allow project aura to be hijacked by a corporate takeover? #COVID19,touringnews1,Mon Apr 06 22:43:42 +0000 2020,0,0,857,525,en,United States,neutral
"1,25E+18","#Covid19 coronavirus: Reusable bags to stay in the car, supermarkets say.",melulater,Mon Apr 06 22:43:50 +0000 2020,0,0,4446,4015,en,New Zealand,positive
"1,25E+18",COVID19 / 2020 changes the game,TheFreshFDN,Mon Apr 06 22:44:18 +0000 2020,0,0,1032,213,en,United States,neutral
"1,25E+18",Visit For every information about Coronavirus in every continent and country. Easy and precise..,swagnito,Mon Apr 06 22:44:47 +0000 2020,0,0,9805,11461,en,Nigeria,positive
"1,25E+18",Why is the President crying about people being mean to him? Shut up and lead. #TaskForceBriefing #USA #COVID19,ShehlaH,Mon Apr 06 22:44:53 +0000 2020,0,0,1777,545,en,United States,negative
"1,25E+18","Sadly, the Bronx leads with New Yorkâ€™s who have underlying conditions and have fallen victim to COVID-19. đŸ™",HaileRiveraNYC,Mon Apr 06 22:45:08 +0000 2020,0,0,3068,2080,en,United States,neutral
"1,25E+18",Weâ€™re cursed with @GovStitt and Covid19. Which is worse?,Ruiner_of_Days,Mon Apr 06 22:45:45 +0000 2020,0,0,1421,493,en,United States,neutral
"1,25E+18",Covid-19 brand ambassador. Kill me đŸ˜‚đŸ˜‚đŸ˜‚đŸ˜‚đŸ˜‚đŸ˜‚đŸ˜‚,kwaban_,Mon Apr 06 22:46:33 +0000 2020,0,0,385,344,en,Nigeria,neutral
"1,25E+18",#HatePresser @CNN needs to shut it off. #COVID19 #TaskForcefail #WorstPresidentEver,SherryPCMO,Mon Apr 06 22:46:36 +0000 2020,0,0,4993,3357,en,United States,neutral
"1,25E+18",Is this an informative press briefing on the Coronavirus or a daily campaign speech cause I LITERALLY canâ€™t tell anymore?,PatMoranTweets,Mon Apr 06 22:47:14 +0000 2020,0,0,798,4978,en,United States,positive
"1,25E+18",I cant wait till this whole covid19 shit is over. Im tryna see my cali family đŸ¥ºâ™¥ï¸ i miss them so much. Esp my mama gladdy,CEEXJAAAY,Mon Apr 06 22:48:09 +0000 2020,0,0,322,148,en,United States,positive
"1,25E+18",Let's cook a Chinese food. I'm bringing Rats and Roaches. What are you bringingÂ¿Â¿ đŸ˜‚ đŸ˜‚ #lockdowneffect #Covid_19 #COVID19 #StayHome,IkechukwuRomeo,Mon Apr 06 22:48:43 +0000 2020,0,0,274,144,en,People's Republic of China,negative
"1,25E+18","Covid-19- Terrifying for MOST, a unique money-making opportunity in Trumpland..",stocks_jim,Mon Apr 06 23:06:59 +0000 2020,0,0,317,24,en,United States,negative
"1,25E+18","@MattHancock @BorisJohnson Out of the ashes of COVID-19, we should rebuild the NHS.",Neeta02227648,Mon Apr 06 23:07:02 +0000 2020,0,0,43,0,en,United Kingdom,neutral
"1,25E+18",#COVID19 #Cuba Great initiative by @ce_havana,alexfdezsaucoCU,Mon Apr 06 23:07:55 +0000 2020,0,0,107,136,en,Cuba,positive
"1,25E+18",Tiger infected with coronavirus via @YouTube,rashiddeme,Mon Apr 06 23:08:14 +0000 2020,0,0,163,60,en,United States,negative
"1,25E+18",This đŸ‘‡đŸ‘‡đŸ‘‡đŸ‘‡ #COVID19,TXPackerChick,Mon Apr 06 23:09:19 +0000 2020,0,0,1537,1010,en,United States,neutral
"1,25E+18",COVID-19 b2b pregnancy scare got my hypochondria on high alert đŸ¥´,jadorefrancess,Mon Apr 06 23:09:35 +0000 2020,0,0,600,793,en,United States,neutral
"1,25E+18",thoughts on COVID-19?,sl_smith99,Mon Apr 06 23:12:57 +0000 2020,0,0,2822,3849,en,United States,neutral
"1,25E+18",How the fuck are people running/jogging with no masks on just raw dogging the coronavirus air,crxslx,Mon Apr 06 23:13:36 +0000 2020,0,0,173,351,en,United States,negative
"1,25E+18",white people love making quarantine/coronavirus jokes on instagram đŸ’€đŸ¤®đŸ¥°,addison__atkins,Mon Apr 06 23:32:55 +0000 2020,0,0,262,209,en,United States,positive
"1,25E+18",I think I speak on behalf of 99.9% of all people that I hope the coronavirus takes out Pearl Fernandez &amp; Isauro Aguirre.,jvbaee,Mon Apr 06 23:32:57 +0000 2020,0,0,109,165,en,United States,neutral
"1,25E+18",@abtahi_m Canâ€™t believe even the rest of the world show no care about Iran covid 19,ima3000ca,Mon Apr 06 23:32:59 +0000 2020,0,0,797,79,en,Canada,neutral
"1,25E+18",đŸ’¾ â“ˆâ“€â“ â“‰â’ºâ’¸â’½ Paedophiles preying on children online during coronavirus lockdown -,_cirrus_minor_,Mon Apr 06 23:33:15 +0000 2020,0,0,1375,929,en,United Kingdom,negative
"1,25E+18",Things will get worse': Coronavirus hotspot erupts in New York suburbs as cases surge via @nbcnews,RonAllenNBC,Mon Apr 06 23:33:23 +0000 2020,0,0,1148,8996,en,United States,negative
"1,25E+18",Itâ€™s interesting how quickly a â€œhoaxâ€ evolves into a â€œconspiracyâ€ in Trump land. #coronavirus #trump,danceswithkids,Mon Apr 06 23:34:45 +0000 2020,0,0,261,425,en,United States,negative
"1,25E+18","@MSNBC Sounds like what is happening in US. If you didnâ€™t get tested before you die, it wasnâ€™t because of Covid 19.",JosephDeGeorge6,Mon Apr 06 23:35:35 +0000 2020,0,0,24,3,en,United States,neutral
"1,25E+18",Here is more on where you can donate clothes during this #coronavirus crisis #SpringCleaning #Groton #Pawcatuck,tinadetelj,Mon Apr 06 23:36:10 +0000 2020,0,0,318,2961,en,United States,neutral
"1,25E+18","@POTUS some hospitals running out of masks isnâ€™t only because of covid-19, lots of other diseases require masks",IvJoesph,Mon Apr 06 23:36:42 +0000 2020,0,0,236,16,en,United States,neutral
"1,25E+18",Whatâ€™s your theory why Wisconsin Republicans would have such an investment in the Democratic primary during peak Coronavirus?,JohnWesleyShipp,Mon Apr 06 23:37:53 +0000 2020,0,0,791,93367,en,United States,neutral
"1,25E+18",Coronavirus: Boris Johnson moved to intensive care as symptoms worsen,VivienHLee,Mon Apr 06 23:38:45 +0000 2020,0,0,303,402,en,United States,negative
"1,25E+18",Singapore is often praised for its COVID-19 response. How does it compare to Australia's?,hitinman,Mon Apr 06 23:38:58 +0000 2020,0,0,4394,4324,en,Australia,neutral
"1,25E+18",This me out shopping trying to avoid COVID 19đŸ˜‚đŸ˜‚đŸ˜‚,GerrodG11,Mon Apr 06 23:57:26 +0000 2020,0,0,449,420,en,United States,neutral
"1,25E+18",Weâ€™d be getting closer to the tip off of the Menâ€™s College Basketball National Championship right about now. Dam that coronavirus đŸ˜¡,DCUBALLERS,Mon Apr 06 23:57:29 +0000 2020,0,0,1539,227,en,United States,negative
"1,25E+18",Lightfoot On Chicago COVID-19 Deaths: More Than Half Were African American,PaulGlader,Mon Apr 06 23:58:41 +0000 2020,0,0,2305,3895,en,United States,negative
"1,25E+18",remember when Tom Hanks has COVID-19. what a year.,sirkevinbrown,Mon Apr 06 23:59:20 +0000 2020,0,0,367,345,en,United States,neutral
"1,25E+18",Spainâ€™s Tragedy Was All Too Predictable according to Bloomberg @business #covid19ESP #Covid_19,joses3es,Tue Apr 07 00:00:38 +0000 2020,0,0,1969,1357,en,EspaĂ±a,neutral
"1,25E+18",B.C. courts hearing 'urgent' family law issues related to COVID-19 pandemic â€” by @keithrfraser /via @VancouverSun,CanadaLegal,Tue Apr 07 00:00:40 +0000 2020,0,0,2854,1608,en,Canada,neutral
"1,25E+18","Dr. Marc Siegel on Boris Johnson's coronavirus battle: Persistent fever, breathing troubles 'concerning'",Bluesgirl19Neil,Tue Apr 07 00:00:45 +0000 2020,0,0,1972,712,en,United States,neutral
"1,25E+18","#Iran Lies, facts and warnings about Iranâ€™s #coronavirus outbreak @WHO @UN @antonioguterres @USAmbUN",naderehsani12,Tue Apr 07 00:01:17 +0000 2020,0,0,128,53,en,United States,negative
"1,25E+18",A do not resuscitate policy has been enforced in the UK for those over 64 years. #COVID19,johngalantini,Tue Apr 07 00:01:21 +0000 2020,0,0,516,925,en,United Kingdom,negative
"1,25E+18",@NYSDEC I got this link in my @NYGovCuomo coronavirus update email - thank you for sharing this đŸ¦…đŸŒˆđŸ’œ,pixiwinter,Tue Apr 07 00:01:25 +0000 2020,0,0,2257,636,en,United States,positive
"1,25E+18",In honor of @TheMasters Week #COVID19,coachdtwhite,Tue Apr 07 00:01:34 +0000 2020,0,0,1079,1274,en,United States,positive
"1,25E+18","Trump, Biden have a 'really good' phone call about coronavirus",Bluesgirl19Neil,Tue Apr 07 00:01:49 +0000 2020,0,0,1972,712,en,United States,positive