word,contSpam,contHam
amore,0,1
available,2,13
buffet,0,2
bugis,0,6
cine,0,7
crazy,2,8
got,3,166
great,5,72
jurong,0,1
la,0,5
point,0,11
wat,0,77
world,1,26
joking,0,2
lar,0,29
ok,4,222
oni,0,3
wif,0,18
08452810075over18,2,0
2005,3,0
21st,2,1
87121,3,0
apply,23,2
comp,7,1
cup,5,3
entry,17,0
fa,2,0
final,14,2
free,131,43
question,4,14
rate,24,2
receive,22,5
std,9,0
text,80,52
tkts,4,0
txt,122,8
win,51,6
wkly,9,0
dun,0,36
early,0,27
hor,0,1
say,1,69
don,5,108
goes,0,22
lives,0,3
nah,0,9
think,2,96
usf,0,6
50,38,5
chgs,1,0
darling,2,2
freemsg,11,0
fun,8,14
hey,5,75
like,9,168
rcv,2,0
send,52,97
tb,1,2
week,41,38
word,20,11
xxx,11,17
aids,0,1
brother,1,11
patent,0,1
speak,8,20
treat,0,14
callers,0,5
callertune,0,5
copy,0,7
friends,4,36
melle,0,3
minnaminunginte,0,3
nurungu,0,3
oru,0,4
press,1,10
request,1,6
set,1,15
vettam,0,3
09061701461,1,0
12,3,4
900,5,2
claim,84,0
code,19,1
customer,38,7
hours,2,13
kl341,1,0
network,18,4
prize,67,0
receivea,1,0
reward,3,0
selected,19,3
valid,17,0
valued,8,2
winner,13,0
08002986030,2,0
11,6,5
camera,23,2
colour,11,3
entitled,4,0
latest,22,3
mobile,80,9
mobiles,9,0
months,3,6
update,9,2
anymore,0,8
cried,0,1
gonna,0,40
home,2,117
soon,2,41
stuff,1,24
talk,2,31
today,15,103
tonight,2,34
ve,10,63
want,19,115
000,22,0
100,30,0
150p,57,0
16,42,1
20,6,5
6days,2,0
87575,3,0
cash,50,8
chances,2,0
cost,26,10
csh11,2,0
day,14,145
hl,5,0
info,10,1
pounds,12,1
reply,72,34
tsandcs,2,0
4403ldnw1a7rw18,1,0
81010,1,0
dbuk,1,0
jackpot,1,0
lccltd,1,0
membership,1,1
net,12,7
pobox,12,0
urgent,45,6
won,58,15
www,64,1
blessing,0,2
breather,0,1
fulfil,0,1
granted,0,1
help,16,26
promise,0,7
right,2,68
searching,0,4
thank,1,24
times,0,19
wonderful,0,11
wont,0,26
words,0,16
date,7,8
sunday,0,9
click,3,1
com,38,13
credit,8,4
http,15,0
link,4,2
message,22,51
qjkgighjjgcbl,1,0
use,6,26
wap,7,0
xxxmobilemovieclub,1,0
oh,1,75
watching,0,24
did,2,88
eh,0,10
make,9,62
naughty,0,5
remember,0,27
spell,0,3
wet,2,3
yes,11,63
feel,0,50
fine,0,36
gota,0,1
way,1,72
4txt,2,0
87077,5,0
dont,10,97
england,4,0
goals,2,0
macedonia,1,0
miss,7,55
national,19,0
news,8,7
poboxox36504w45wq,1,0
scotland,1,2
team,3,3
try,6,32
ur,88,143
wales,1,2
ú1,1,0
seriously,0,7
going,4,130
ha,0,8
comin,0,10
da,0,93
pay,1,26
stock,0,4
aft,0,16
ard,0,16
finish,0,28
lor,0,112
lunch,0,27
smth,0,8
str,1,3
alright,0,19
ffffffffff,0,1
meet,8,56
sooner,0,3
eat,0,28
forced,0,1
getting,4,37
hungry,1,9
just,64,212
knows,1,9
lol,0,59
mark,0,4
pizza,0,6
really,1,60
sick,0,9
slice,0,2
sucks,0,4
tho,0,12
turn,0,3
worried,0,9
convincing,0,2
bus,0,19
catch,0,8
dinner,0,23
eating,0,7
egg,0,2
frying,0,2
left,0,23
love,8,135
mom,0,11
tea,0,4
amp,0,54
car,0,32
know,19,175
let,4,56
ll,3,201
packing,0,1
room,0,26
ahhh,0,1
does,3,25
vaguely,0,1
work,3,69
clear,0,3
doesn,0,19
live,21,15
sarcastic,0,1
sure,0,54
wait,2,50
actin,0,1
apologetic,0,1
badly,0,1
caught,0,3
cheers,0,4
child,1,2
doing,0,62
fallen,0,1
spoilt,0,1
till,3,16
yeah,1,64
tell,11,80
cuppa,0,1
fainting,0,1
fear,0,3
housework,0,1
quick,0,5
charged,9,0
confirm,1,8
month,7,20
replying,4,2
ringtone,24,0
subscription,2,0
thanks,13,42
uk,53,0
2nd,14,8
8am,0,2
learn,1,4
lesson,0,12
look,2,21
msg,45,41
timings,0,1
xuhui,0,2
yup,0,29
oops,0,6
roommate,0,4
letter,0,3
decide,0,8
decided,0,10
hello,4,32
invite,0,3
saturday,4,7
texting,0,4
tomo,0,17
trying,12,18
abiola,0,11
ahead,0,7
pls,7,73
wanted,1,21
watts,0,1
weekend,4,19
arabian,0,1
crave,0,8
forget,2,10
mmmmmm,0,2
need,5,112
steed,0,1
sweet,0,27
yummy,0,2
07732584351,1,0
08000930705,12,0
burns,1,0
camcorder,11,0
delivery,15,1
nokia,38,1
rodger,1,0
sms,26,12
tomorrow,8,63
tried,13,4
seeing,0,11
endowed,0,1
gt,0,184
hope,4,79
inches,0,3
lt,0,185
man,0,36
calls,15,8
messages,10,9
missed,1,15
didn,0,33
hep,0,1
immunisation,0,1
nigeria,0,5
fair,0,2
ask,0,57
bit,0,32
hopefully,0,4
maybe,0,23
tyler,0,3
hospital,0,4
hospitals,0,2
kept,3,3
stubborn,0,1
sucker,0,1
suckers,0,1
telling,0,11
weak,0,3
class,1,36
saw,0,18
thinked,0,1
time,12,144
eighth,0,1
gets,0,8
gram,0,2
half,10,20
runs,0,3
second,0,13
smarter,0,1
usually,0,6
crashing,0,1
fyi,0,3
morning,0,61
place,5,43
ride,0,3
accomodations,0,1
best,6,29
cave,0,1
embarassed,0,3
embarassing,0,1
happy,0,69
liked,0,5
offered,0,1
realized,0,2
sorry,3,113
thought,1,30
wow,1,6
ac,6,0
correct,4,6
detroit,1,0
devils,1,0
end,9,22
hockey,1,1
ice,1,7
incorrect,1,0
jersey,1,0
new,53,46
play,12,14
red,3,4
sptv,1,0
wings,1,0
mallika,0,1
sherawat,0,1
url,0,3
yesterday,2,17
09061209465,3,0
150pm,4,0
5we,5,0
bx420,4,0
cinema,3,4
congrats,7,6
ip4,5,0
matrix3,3,0
pass,3,7
special,16,24
starwars3,3,0
suprman,3,0
year,6,35
later,0,88
meeting,0,29
reached,0,6
gauti,0,1
odi,0,2
sehwag,0,1
series,0,4
burger,1,1
killing,0,2
pain,0,22
pick,2,50
girls,2,10
good,10,165
joke,0,6
seekers,0,1
situation,0,7
checking,0,6
iq,0,3
come,2,162
forever,0,6
roommates,0,2
took,0,18
check,2,30
cut,0,8
double,9,5
dresser,0,3
hair,0,15
nice,0,43
said,0,66
short,0,8
wun,0,6
09066364589,2,0
1500,3,0
advise,3,0
awarded,28,0
bonus,18,0
following,3,1
mob,19,0
pleased,3,2
recent,3,0
review,4,1
dedicate,0,2
dedicated,0,2
frnds,0,12
rply,4,6
song,2,6
valuable,0,2
10,17,11
1000,32,0
18,40,0
3aj,1,0
aco,1,0
complimentary,8,0
dis,1,16
entry41,1,0
eurodisinc,1,0
ls1,1,0
morefrmmob,1,0
shracomorsglsuplt,1,0
trav,1,0
trip,3,8
barbie,1,0
comes,2,14
divorce,1,1
hear,3,21
ken,1,0
plane,0,3
hee,0,11
lucky,4,9
money,2,42
save,2,4
wah,0,4
finished,0,16
babe,4,53
hi,13,77
im,4,47
wanna,8,22
xx,4,10
performed,0,1
machan,0,2
waiting,12,29
cool,1,26
dignity,0,3
gentleman,0,3
respect,0,4
thats,0,27
pa,0,23
peoples,0,1
shy,0,2
operate,0,1
earn,0,1
job,0,36
looking,7,17
ta,1,5
ah,0,28
stop,73,27
urgnt,0,4
jacket,0,1
multis,0,1
real,13,19
tickets,3,6
used,1,9
yo,1,27
bed,0,24
came,1,21
coins,0,3
factory,0,1
gotta,0,10
nitros,0,1
requests,1,2
started,0,9
download,2,8
ela,0,2
il,0,9
kano,0,5
wen,0,17
close,4,11
stand,0,6
afternoon,0,23
casualty,0,1
haven,1,18
includes,0,1
late,1,47
means,0,21
night,4,74
sheets,0,3
spent,0,7
stuff42moro,0,1
becoz,0,3
hurts,0,4
loves,0,5
pleasure,0,5
pours,0,1
rain,0,8
smile,0,23
smiling,0,8
sum1,0,1
trouble,0,7
0800,11,0
10am,5,0
169,1,0
5000,18,0
6031,1,0
9pm,1,2
guaranteed,38,0
representative,8,0
service,42,1
530,0,4
buy,3,42
havent,0,13
lido,0,3
planning,0,5
450ppw,2,0
5249,2,0
85069,2,0
92h,2,0
box,26,3
britney,2,0
collected,2,1
fml,2,2
mix,3,0
mk17,2,0
password,3,3
po,25,2
simply,2,2
usher,2,0
verify,3,0
abt,0,20
movie,2,16
telugu,0,2
loads,1,10
loans,1,1
appointment,0,4
cause,0,15
forgot,0,22
hairdressers,0,1
hols,2,1
prob,0,11
run,0,18
shower,0,6
wk,22,7
animation,0,1
coffee,0,8
ams,0,1
ave,2,4
legal,0,3
long,0,32
okay,0,22
price,13,5
4the,0,1
driving,1,13
gone,0,11
test,0,16
boston,0,2
changed,1,4
cuz,0,6
gave,0,6
guess,6,25
location,0,2
mean,0,16
men,2,4
nyc,0,2
page,1,5
says,0,18
search,2,13
signin,0,1
dear,13,72
life,3,47
lot,0,28
umma,0,6
vava,0,2
birthday,1,20
making,0,21
memorable,0,1
truly,2,2
wishes,0,6
aight,0,26
hit,3,8
address,4,14
computer,2,4
considering,0,2
ip,0,1
isn,0,13
minecraft,0,1
server,0,1
better,1,30
grumpy,0,1
jokes,0,3
lying,0,1
old,2,10
people,3,33
busy,0,16
worry,0,22
noun,0,2
plural,0,1
research,0,4
cos,0,50
loud,0,2
mah,0,10
scared,0,4
things,1,34
09064012160,2,0
12hrs,13,0
150ppm,27,0
contact,41,8
draw,30,5
gent,2,0
k52,2,0
shows,21,5
weekends,4,2
anythin,0,2
eatin,0,4
formal,0,1
haha,0,40
happened,0,11
juz,0,16
openin,0,1
puttin,0,1
sentence,0,3
tt,0,3
wa,0,2
weight,0,6
apartment,0,8
askd,0,11
boss,0,8
cabin,0,5
entered,6,5
felt,0,13
invited,4,6
went,0,42
0871277810910p,1,0
flights,5,0
holiday,22,10
min,26,18
operator,11,0
specially,7,0
friday,0,12
goodo,0,2
needed,0,3
potato,0,2
ratio,0,1
tortilla,0,2
directly,0,3
food,0,19
hmm,0,9
informed,2,3
paying,1,6
school,0,16
uncle,0,7
07742676969,2,0
08719180248,2,0
2004,5,0
45239,2,0
786,3,0
account,11,13
expires,9,0
identifier,9,0
points,9,3
private,10,1
statement,8,0
unredeemed,3,0
03,12,0
09064019788,1,0
2000,19,1
box42wr29c,1,0
caller,11,1
landline,24,2
apples,0,1
malarky,0,1
pairs,0,1
08712300220,4,0
350,7,0
4041,1,0
7548,1,0
app,3,2
award,15,1
ending,5,0
match,4,3
numbers,5,2
quoting,3,0
rates,5,0
standard,4,0
todays,13,3
voda,3,0
mu,0,13
sao,0,1
buying,0,4
predict,0,1
apologise,0,3
bother,0,5
hasn,0,3
imposed,0,1
involve,0,1
sending,0,8
sent,9,45
shouldn,0,5
yetunde,0,4
bak,0,7
del,5,1
girl,4,20
lucyxx,0,1
sum,0,2
accomodate,0,1
tmorrow,0,1
answer,6,11
82277,6,0
algarve,2,0
ansr,4,0
country,4,2
dvd,6,1
player,10,2
quiz,14,0
sony,5,1
sp,7,0
sunshine,7,1
tyrone,4,0
31p,2,0
69888,2,0
bt,11,12
direct,9,2
dogging,8,0
ec2a,5,0
gravel,1,0
join,15,8
laid,4,0
largest,4,0
locations,5,0
nt,1,15
txting,7,1
haf,0,15
hotmail,0,1
msn,0,1
yijue,0,5
activities,0,3
befor,0,2
rooms,1,3
69988,1,0
age,7,3
chat,31,10
hardcore,2,1
msgs,8,7
services,14,1
svc,1,0
yr,9,2
lazy,0,8
lect,0,7
pouch,0,2
type,0,12
mail,0,23
sir,1,29
biggest,2,1
coz,0,19
gud,0,45
hearts,0,2
little,1,19
lovable,0,9
ni8,0,8
nver,0,1
occupy,0,1
persons,0,6
somtimes,0,1
swt,0,3
tired,0,10
open,1,9
dot,2,1
ya,1,37
staff,0,3
taking,1,11
whats,1,11
08700621170150p,2,0
female,1,1
local,5,0
luv,5,21
netcollex,3,0
randy,2,0
replied,1,4
sexy,13,10
begin,1,4
hard,3,9
pray,0,6
qatar,0,4
ummma,0,1
deleted,0,3
birla,0,3
sindu,0,1
soft,0,3
flowing,0,2
nevering,0,1
wine,0,7
plaza,0,2
thk,0,39
typical,0,1
chores,0,1
dirt,0,1
dream,3,5
exist,0,1
floor,0,3
hail,0,1
joy,0,7
lots,1,13
mist,0,1
mouth,0,2
shirt,0,5
tv,8,22
windows,0,2
aaooooright,0,1
house,0,30
leaving,0,13
boy,0,13
interview,0,4
missing,0,10
07046744435,1,0
annoncement,1,0
arrange,2,2
years,7,9
0871277810810,2,0
envy,0,1
safe,0,8
hand,0,8
parents,0,10
excited,0,1
spend,0,8
32,1,0
434,2,0
62468,2,0
bootydelious,1,0
friend,6,28
frnd,1,7
inviting,1,0
bangb,1,0
bangbabes,1,0
content,10,1
goto,4,1
internet,1,3
menu,1,4
order,11,6
cultures,0,1
module,0,1
09061701939,1,0
s89,1,0
avoid,0,2
beloved,0,1
missunderstding,0,1
wit,0,9
bridge,0,1
escape,0,3
fancy,8,3
lager,0,1
needs,1,9
clark,0,2
completely,1,5
form,0,2
utter,0,2
waste,0,5
axis,0,1
bank,2,7
discuss,0,3
hmmm,0,10
hop,0,5
liao,0,25
muz,0,7
coming,0,33
begins,0,1
believe,1,12
bloody,0,3
clue,0,1
hell,0,5
ill,1,32
mr,1,7
spanish,0,1
surname,0,1
bath,0,9
carlos,0,14
mall,0,2
smoke,0,13
staying,0,5
til,0,18
turns,0,5
worth,11,4
doesnt,0,6
log,3,7
experience,0,6
maneesha,0,3
satisfied,0,3
spoke,0,5
toll,0,3
anyways,0,4
approaches,0,1
especially,0,5
gr8,6,9
hopes,0,1
lifted,0,1
offer,25,5
studying,0,5
trust,0,8
guys,5,22
bye,0,5
boytoy,0,11
finding,0,1
handsome,0,1
mummy,0,2
working,0,23
awesome,0,15
minute,5,8
0808,4,0
11pm,4,0
145,4,0
4742,4,0
9am,4,1
freephone,8,0
radio,0,2
xmas,10,6
bathe,0,9
finishes,0,3
jus,0,24
sis,0,14
using,1,4
30th,1,0
areyouunique,1,0
august,2,1
unique,1,2
deal,0,7
joined,2,5
league,0,1
personal,2,3
touch,1,14
completed,0,2
course,0,7
finally,1,9
able,0,18
ors,0,1
stays,0,2
stool,0,1
suggest,0,3
settled,0,4
wishin,0,2
hav,0,20
mrng,0,12
story,0,15
1pm,0,1
dead,0,7
hamster,0,1
mrt,0,5
orchard,0,7
tmr,0,21
babyjontet,0,1
evening,1,20
kate,0,6
enc,0,1
bucks,0,4
college,0,13
darlin,0,11
ive,0,6
balance,7,4
decimal,0,19
id,1,14
inr,0,2
keralacircle,0,2
kr,0,2
prepaid,0,2
refilled,0,2
rs,0,7
successfully,0,3
transaction,0,5
ga,0,1
goodmorning,0,14
sleeping,0,18
alter,0,1
dat,0,26
ericsson,0,1
oredi,0,13
oso,0,18
dats,0,1
dogg,0,1
straight,2,3
connection,0,2
refund,0,1
big,1,26
ready,3,26
shoot,0,4
break,3,10
bruv,0,2
rewarding,0,1
semester,0,6
study,0,7
leh,0,19
noe,0,16
sounds,1,12
heading,0,2
prediction,0,1
nights,1,3
past,0,6
slept,0,5
easy,9,12
sen,0,4
exam,0,7
march,0,11
atm,0,2
register,2,1
called,0,24
disk,0,1
files,0,4
important,6,9
installing,0,1
os,0,1
repair,0,1
shop,6,10
ubandu,0,1
happen,0,16
nite,0,12
romantic,1,3
scenery,0,1
087187262701,2,0
2optout,4,0
500,37,0
50gbp,2,0
89545,2,0
biz,4,0
collect,18,5
mtmsg18,2,0
tc,7,2
appreciate,0,6
aries,1,0
career,1,2
flyng,1,0
followed,2,0
horo,1,0
partner,5,0
sign,2,3
star,2,0
start,7,22
company,2,11
elama,0,1
mudyadhu,0,1
bcoz,0,10
conducts,0,1
lessons,0,7
strict,0,1
teacher,0,2
teaches,0,2
cross,2,1
gandhipuram,0,1
road,0,6
street,2,5
walk,1,11
rubber,0,1
battery,0,7
died,1,5
10p,18,0
25,3,1
flirt,4,1
pence,2,0
recd,4,0
sam,3,2
thirtyeight,1,0
printed,0,2
upstairs,0,2
closer,0,4
reach,5,21
wil,0,11
argue,0,2
argument,0,4
kick,3,4
loses,0,2
person,0,32
theory,0,3
wins,1,2
09058094597,1,0
447801259231,1,0
admirer,8,0
reveal,8,0
secret,8,4
thinks,8,4
case,0,13
hearing,0,1
laptop,0,12
tomarrow,0,2
avent,0,3
pleassssssseeeeee,0,1
sportsx,0,1
tel,1,9
meant,0,13
shining,0,2
signing,0,2
baig,0,1
face,0,12
fr,0,11
thanx,0,25
told,0,38
touched,0,3
watch,0,25
watches,0,1
commercial,0,2
slippers,0,3
website,1,4
asked,3,19
bat,0,2
innings,0,3
kallis,0,7
dearly,0,2
didnt,0,21
fix,0,3
goodnight,0,5
sleep,0,37
wake,0,20
125gift,2,0
87066,9,0
cd,5,1
com1win150ppmx3age16,3,0
congratulations,12,1
ldew,7,0
music,13,2
tncs,5,0
vouchers,16,0
5min,0,2
cal,1,5
deepak,0,1
deeraj,0,1
drpd,0,1
hold,0,11
ranjith,0,2
affection,0,4
angry,0,9
bcums,0,4
care,4,44
childish,0,5
deep,0,7
dnt,0,12
kettoda,0,4
manda,0,4
showing,0,7
true,2,17
wid,2,13
2wks,1,1
3days,0,1
bribe,0,1
lag,0,2
nipost,0,1
shipping,0,2
takes,3,8
ups,0,1
usps,0,1
lemme,0,5
expect,0,4
headin,0,2
necessarily,0,1
jolt,0,2
mmm,0,2
suzy,1,1
lover,2,7
750,14,0
anytime,10,2
handset,4,0
mins,25,6
networks,3,0
unlimited,7,4
video,23,2
mini,1,2
parked,0,3
disturb,0,8
shopping,5,15
0125698789,0,1
luton,0,1
ring,2,11
69698,1,0
horny,5,0
hot,13,5
naked,1,5
unsubscribe,13,0
dint,0,4
plan,0,20
sometme,0,1
wana,0,10
2wt,2,0
87070,1,0
box1146,1,0
choose,7,6
club,15,0
club4,1,0
club4mobiles,1,0
credits,7,0
mk45,2,0
evo,0,1
flash,0,2
jealous,0,2
charge,7,5
chart,2,0
quality,1,4
singles,5,0
narcotics,0,1
sorting,0,1
bay,0,3
blue,1,8
ended,0,5
leaves,0,8
rays,0,4
sunny,0,3
worries,0,7
100percent,2,0
86688,16,0
genuine,2,0
hmv,3,0
questions,5,5
bf,0,4
objection,0,1
gf,0,2
mack,0,1
rob,0,1
theater,0,1
celebrations,0,1
handed,0,2
swing,0,8
tool,0,2
definitely,1,5
gdeve,0,1
far,0,13
okie,0,12
ahold,0,1
anybody,0,5
guy,0,17
passed,0,3
throw,0,4
usual,0,8
lets,0,11
baby,1,21
cruisin,0,1
fone,3,4
hour,0,24
jenny,0,2
ge,0,7
edukkukayee,0,1
ollu,0,1
raksha,0,1
sense,0,6
shall,0,24
tonite,0,7
varunnathu,0,1
gautham,0,2
cam,1,2
stupid,0,5
buzy,0,3
accidentally,0,2
resend,0,1
021,2,0
0845,3,0
28thfeb,1,0
3680,2,0
card,3,9
ends,4,7
loyalty,7,0
phone,35,59
sim,2,2
upgrade,3,0
appropriate,0,1
gurl,0,1
unless,0,6
bslvyl,0,10
die,0,8
grave,0,1
hurt,0,14
plz,0,17
rose,0,5
tease,0,1
diesel,0,1
high,3,4
somebody,2,7
crash,0,1
def,0,3
imagine,0,5
scary,0,3
shit,0,26
shocking,0,1
taxi,0,2
fridge,0,1
meal,0,3
actor,0,2
womdarfull,0,1
21,2,1
4u,3,5
aberdeen,1,0
blind,1,0
dates,2,1
hide,1,0
icmb3cktz8r7,1,0
img,1,0
kingdom,1,0
rodds1,1,0
united,1,0
book,4,12
remb,0,1
jos,0,1
friendship,0,15
hanging,0,3
thread,0,2
82468,2,0
babes,2,1
fit,1,2
funky,1,1
games,9,0
gossip,1,1
newest,3,0
selection,3,0
sport,4,0
themob,4,0
tones,17,0
aren,0,3
bookshelf,0,1
garage,0,2
keys,0,2
accept,0,6
belovd,0,4
best1,0,3
bstfrnd,0,3
clos1,0,3
cutefrnd,0,3
dear1,0,3
enemy,0,4
jstfrnd,0,3
lifpartnr,0,3
lvblefrnd,0,3
sister,0,14
swtheart,0,3
200,9,0
3uz,2,0
84,1,0
85222,1,0
cs,38,0
gbp1,1,0
m26,2,0
smart,2,1
weekly,20,0
winnersclub,1,0
2day,4,4
lost,2,10
mylife,0,1
normal,1,7
rest,0,8
wot,0,16
advance,0,7
pongal,0,4
anot,0,2
dunno,0,26
kb,0,6
lo,0,2
power,0,5
tahan,0,2
yoga,0,4
afraid,1,2
dude,0,20
08002986906,2,0
11mths,6,0
december,3,0
cake,0,6
christmas,1,8
kisses,0,2
merry,0,8
buses,0,2
cud,0,4
gon,0,1
gona,0,2
l8,0,1
pete,1,5
ppl,0,4
waitin,0,3
bristol,0,2
flight,1,2
guild,0,1
plans,0,8
problem,0,22
reading,0,11
record,0,3
track,0,5
women,1,2
light,0,13
read,1,10
apo,0,1
immediately,4,5
return,1,3
0844,1,0
85,1,0
861,1,0
access,3,2
fixed,1,5
germany,1,0
line,27,7
number,20,42
prepayment,1,0
chance,22,10
employer,0,1
evaporated,0,1
paperwork,0,1
privacy,1,1
report,0,2
stealing,0,1
supervisor,0,3
violated,0,2
08718720201,6,0
83600,4,0
custcare,8,0
lifetime,2,1
rcvd,7,0
valentines,2,7
daaaaa,0,1
dined,0,1
wined,0,1
surfing,0,4
calling,3,13
1000s,3,1
bless,0,2
caroline,0,1
favourite,0,2
post,3,12
texts,14,8
wiv,2,5
hiding,0,1
stranger,0,3
interested,1,3
cleared,0,2
round,1,5
gudnite,0,3
practice,0,4
huiming,0,1
num,0,5
prestige,0,1
small,0,8
69876,1,0
sextextuk,1,0
shag,1,0
txts,10,0
xxuk,1,0
jeremiah,0,1
iphone,0,1
apeshit,0,1
basically,0,2
fault,0,6
misbehaved,0,2
slap,0,3
urself,0,6
alcohol,0,3
figure,0,6
jay,0,13
safely,0,1
weed,0,8
ago,0,11
ish,0,6
minutes,3,22
wtf,0,2
aig,0,1
allah,0,2
ex,0,7
insha,0,1
insurance,0,2
met,1,9
onam,0,1
rakhesh,0,7
remembered,0,3
sirji,0,1
tata,0,1
tayseer,0,2
tissco,0,2
08708800282,1,0
2lands,13,0
cc,5,0
currently,9,2
hg,10,0
maximize,6,0
row,14,2
suite342,13,0
w1j6hl,9,0
moment,0,6
unemployed,0,1
andrews,0,1
cold,0,6
posted,0,5
st,2,6
chikku,0,14
db,0,1
audrey,0,2
status,0,1
forward,0,6
air,0,6
alive,0,2
breathe,0,2
dawns,0,1
refreshed,0,1
08000839402,12,0
bluetooth,6,0
call2optout,9,0
f4q,1,0
mobileupd8,13,0
motorola,8,1
orange,19,3
sonyericsson,5,0
update_now,2,0
08717205546,1,0
discount,9,0
regalportfolio,1,0
rp176781,1,0
uniform,0,1
cuddling,0,2
geeee,0,4
wish,2,30
woke,0,8
spoil,0,1
agree,0,2
talking,0,8
willing,1,5
09057039994,1,0
gbp,3,0
reference,4,3
t91,1,0
recognise,0,2
seen,0,7
bars,0,1
happening,0,7
heron,0,1
lindsay,0,1
ptbo,0,2
sighs,0,5
brings,1,3
payasam,0,1
rinu,0,1
becaus,0,1
hes,0,2
mistake,1,6
prabu,0,1
project,0,10
taught,0,1
verifying,0,1
body,0,6
followin,0,1
guide,0,4
ovulation,0,2
quite,0,27
reason,0,10
relax,0,2
repairs,0,1
slow,1,6
tests,0,3
couple,0,9
wallet,0,1
leave,2,35
945,0,1
6months,1,1
n9dx,1,0
phones,9,1
licks,0,2
owl,0,1
mm,0,8
08000938767,3,0
4mths,3,0
mobilesdirect,3,0
or2stoptxt,3,0
rental,9,0
having,0,33
huh,0,15
intro,0,3
kickboxing,0,1
pilates,0,3
sat,1,21
days,8,22
lap,0,1
office,1,23
shut,0,1
30ish,0,2
bout,1,13
calculated,0,1
current,1,2
performance,0,1
period,0,2
actually,0,25
rock,1,8
ass,0,11
business,0,1
facebook,0,6
picture,1,2
pictures,0,4
putting,0,5
al,0,7
god,1,29
grace,0,1
india,0,9
inshah,0,1
salam,0,1
sharing,0,1
visitor,0,1
wahleykkum,0,1
administrator,0,1
change,0,19
field,0,2
quickly,0,3
150pw,1,0
1st,19,7
2814032,1,0
3x,1,0
87131,2,0
nd,1,2
poly,11,0
tone,31,0
chechi,0,2
cream,0,2
shipped,0,1
burning,0,2
loxahatchee,0,2
starts,4,5
tree,0,4
yep,0,9
stoners,0,1
darlings,0,1
disastrous,0,1
fav,1,1
pm,4,6
slightly,0,1
stay,3,16
wld,0,2
drink,0,12
busetop,0,1
fullonsms,0,5
sender,1,2
iron,0,1
thing,1,41
blah,0,1
den,0,20
jiu,0,4
okies,0,1
skip,0,1
yan,0,4
bring,0,17
wendy,0,1
09064012103,1,0
box334sk38ch,1,0
dating,13,0
whatsup,0,2
goal,0,1
250,14,0
80086,2,0
competition,3,2
txttowin,2,0
head,0,16
07123456789,2,0
adam,2,0
ads,2,0
eve,3,9
heart,2,28
logo,4,0
mobno,2,0
name1,2,0
name2,2,0
names,2,1
pobox36504w45wq,5,0
txtno,2,0
yahoo,2,6
09111032124,1,0
contacted,5,0
pobox12n146tf150p,1,0
aha,0,3
hostel,0,4
siva,0,1
09058094455,1,0
3030,5,0
land,15,0
attitude,0,1
attractive,0,1
expression,0,2
ful,0,2
funny,0,8
irritating,0,2
rowdy,0,1
sentiment,0,1
speaking,0,2
voice,0,7
aathi,0,6
urination,0,1
esplanade,0,2
giving,0,5
lift,0,5
mind,1,32
amt,0,3
arng,0,2
bmw,0,2
hv,0,3
lacs,0,2
shortage,0,2
source,0,2
urgently,0,2
vry,0,4
wnt,0,5
fucking,0,12
respond,1,2
09066382422,2,0
300603,2,0
3650,2,0
3mins,3,0
bcm4284,2,0
ldn,9,0
vary,6,0
wc1n3xx,4,0
booked,0,8
ticket,0,3
hillsborough,0,1
th,0,9
askin,0,4
dollars,0,4
shoul,0,1
iouri,0,1
applebees,0,1
gd,0,12
journey,0,3
bhaji,0,2
cricketer,0,2
sachin,0,3
tough,0,6
supposed,0,7
din,0,6
group,0,5
oic,0,3
tot,0,12
doin,0,10
foundurself,0,1
gorgeous,0,3
howdy,0,1
howu,0,1
jen,0,3
jobyet,0,1
monkeespeople,0,1
monkeyaround,0,1
sausage,0,1
werethe,0,1
blimey,0,1
exercise,0,1
kinda,1,8
concentration,0,1
hanks,0,1
lotsly,0,1
acc,0,5
transfer,0,2
improve,0,1
optimistic,0,1
1956669,3,0
75,3,0
homeowners,3,0
loan,4,5
previously,3,0
purpose,4,0
refused,4,0
tenants,4,0
welcome,7,4
oreo,0,2
si,0,2
truffles,0,2
amy,0,1
beautiful,0,15
intelligent,0,3
ure,0,4
woman,1,3
asking,0,9
consistently,0,1
ears,0,1
kind,0,10
links,0,1
practicum,0,1
result,0,3
ttyl,0,5
bad,1,21
isnt,0,4
coping,0,2
decisions,0,2
different,0,5
feeling,2,15
heal,0,1
individual,0,2
wavering,0,1
gives,0,5
reasons,0,2
0207,2,0
153,2,0
26th,1,1
9153,1,0
july,2,1
opt,14,0
upgrdcentre,1,0
railway,0,3
doggy,0,3
enjoy,8,19
fave,0,3
oral,0,1
position,0,2
princess,0,25
receiving,2,1
style,0,6
roads,0,3
slippery,0,1
bike,0,1
language,0,1
09061743806,2,0
box326,2,0
cw25wx,4,0
dave,2,1
notice,3,3
okmail,1,0
sae,13,0
tcs,3,0
tenerife,7,0
screamed,0,2
9ja,0,2
banks,0,2
charges,1,2
details,5,12
differ,0,1
enters,0,1
flat,0,4
remove,2,5
removed,1,1
transfered,0,2
69888nyt,1,0
moan,1,5
9t,0,2
broken,0,2
cum,5,6
infront,0,1
wise,0,2
machi,0,1
tension,0,1
8th,0,5
mcr,0,1
thinking,0,13
sec,0,5
taste,0,2
falconerf,0,1
fb,0,6
jaykwon,0,1
thuglyfe,0,1
07781482378,2,0
activate,5,1
conditions,3,1
terms,6,2
visit,5,5
boye,0,3
depends,0,7
faded,0,1
glory,0,1
ralphs,0,1
dry,0,4
trade,0,2
reunion,0,1
meh,0,8
monday,0,8
nope,0,10
accenture,0,1
7ish,0,2
center,2,2
jackson,0,1
rec,0,1
reache,0,1
dificult,0,3
fighting,0,4
fightng,0,3
lose,1,10
some1,0,4
nuerologist,0,1
fish,0,3
lolnice,0,1
water,0,7
08718727868,2,0
09050002311,2,0
123,3,0
1450,3,0
b4280703,2,0
bored,3,14
outside,0,12
hyde,0,2
near,0,8
park,1,8
village,0,3
westshore,0,1
anthony,0,2
bringing,1,3
fees,0,2
rent,0,8
significance,0,1
character,0,5
jada,0,3
kusruthi,0,3
matured,0,3
opinion,0,7
silent,0,8
simple,0,8
spl,0,4
stylish,0,3
ak,0,1
ammo,0,1
scrounge,0,2
frm,0,8
prabha,0,2
realy,0,5
sory,0,2
soryda,0,2
forgiven,0,2
jst,1,2
tat,0,4
40gb,5,0
83355,3,0
ibhltd,2,0
ipod,8,0
ldnw15h,2,0
mp3,3,2
mtmsgrcvd18,2,0
boltblue,1,0
cha,1,0
jamz,1,0
mono,2,0
poly3,1,0
slide,1,0
toxic,1,0
bubbletext,1,0
pin,1,3
renewal,1,0
tgxxrz,1,0
topped,1,0
bday,0,2
booking,1,1
definite,0,2
fri,2,9
nos,1,1
problematic,0,1
transport,0,1
abnormally,0,1
adults,0,1
behave,0,3
children,2,4
unconscious,0,1
ebay,0,2
pickle,0,2
tacos,0,2
campus,0,4
rude,3,1
02,6,0
0871,2,0
09,2,0
872,1,0
9755,1,0
attempt,15,1
box95qu,2,0
mas,0,4
00,10,0
08717898035,3,0
150,16,0
85023,7,0
member,6,2
offers,9,1
savamob,8,0
sub,8,1
unsub,7,0
lady,0,6
pretty,0,10
single,1,6
24hrs,2,0
channel,1,0
pg,1,1
recieve,1,0
teletext,1,0
faggot,0,1
04,6,0
07815296484,1,0
08718738001,1,0
2003,6,0
41782,1,0
800,15,0
redeemed,6,0
bani,0,1
hoping,0,9
l8r,0,3
malaria,0,1
kiss,0,20
leads,0,1
passionate,0,4
sea,0,13
probably,0,24
buttons,0,1
fat,0,5
fingers,0,5
returns,0,3
ummmmmaah,0,2
tirupur,0,2
2stop,2,0
50p,8,0
age16,7,0
applausestore,1,0
csc,1,0
max6,1,0
monthlysubscription,1,0
web,2,0
ability,0,2
confidence,0,4
develop,0,2
famous,0,1
listen,2,6
losing,0,2
married,2,5
quote,1,4
self,2,3
temper,0,1
unconditionally,0,1
bash,0,1
oclock,0,1
cooped,0,1
recovery,0,2
bloke,1,2
cali,0,2
english,0,4
hotel,2,3
invitation,0,1
weddin,0,1
omw,0,6
alibi,0,1
btw,0,4
cutting,0,1
cage,0,1
cock,0,2
cuck,0,1
owns,0,2
paces,0,1
reminding,0,2
sink,0,1
surrounded,0,1
deficient,0,1
hurry,1,5
acknowledgement,0,1
astoundingly,0,1
blood,0,7
demand,0,1
faggy,0,1
fo,0,2
generally,0,2
oath,0,1
tactless,0,1
loose,0,2
magic,0,1
milk,0,3
warm,2,7
cheap,4,5
likely,0,3
pan,0,1
silly,0,1
causes,0,1
essential,0,2
mutations,0,1
sunscreen,0,1
thesedays,0,1
uv,0,1
online,0,17
pics,11,7
aiyo,0,3
bao,0,1
fast,1,14
gee,0,5
mei,0,1
sugardad,0,1
workin,0,5
brownie,0,1
barely,0,4
geeeee,0,1
fuck,0,19
2mrw,0,3
american,0,3
callin,0,2
freek,0,1
icky,0,1
ninish,0,1
ey,0,2
oooh,0,2
ridden,0,1
gym,0,7
smiles,0,4
daddy,0,7
dick,1,2
scream,0,5
missy,0,1
clean,0,8
mum,0,17
sch,0,15
yar,0,10
goggles,0,1
lab,0,2
door,1,6
call09050000327,2,0
arguing,0,1
09050005321,1,0
claims,1,0
arngd,0,1
bite,0,2
bites,0,1
dancing,0,2
frnt,0,1
marriage,0,6
sayin,0,1
snake,0,2
unfortuntly,0,1
walkin,0,1
izzit,0,5
08002988890,1,0
textand,1,0
kids,0,5
wife,0,17
jjc,0,1
tendencies,0,1
headache,0,3
em,1,4
jazz,0,4
quit,0,4
yogasana,0,5
gotany,0,1
hardly,0,2
meive,0,1
srsly,0,1
yi,0,1
08715705022,2,0
1x150p,4,0
80878,1,0
spree,5,0
08712402050,2,0
10ppm,2,0
ag,2,0
lines,2,1
pound,4,2
promo,2,0
07753741225,1,0
08715203677,1,0
24,4,0
42478,1,0
grand,0,3
prix,0,1
nitz,0,1
stands,0,1
0825,2,0
542,4,0
announcement,5,0
exhausted,0,3
pie,0,3
train,0,6
ar,0,7
present,0,3
blastin,0,1
indian,0,4
occur,0,1
ocean,0,1
rajnikant,0,1
stopped,0,4
swimming,0,2
tsunamis,0,2
noon,0,11
07880867867,1,0
07946746291,1,0
28,4,0
2morow,1,1
clubsaisai,1,0
ladies,3,1
nichols,1,1
paris,3,0
roses,1,0
soiree,1,1
speciale,1,0
xclusive,1,0
zouk,1,0
banter,0,1
bridgwater,0,1
neva,0,13
imma,0,5
somethin,0,3
22,1,1
83222,3,0
daily,3,1
euro2004,5,0
results,3,0
answers,0,3
game,3,9
ques,0,1
suits,0,1
valentine,1,3
dependents,0,1
cer,0,1
thanx4,0,1
future,3,2
aunties,0,1
beauties,0,1
handsomes,0,1
hundreds,0,1
uncles,0,3
leona,0,4
reaction,0,2
shock,1,1
shuhui,0,6
family,0,14
happiness,0,9
friendships,0,1
grow,0,2
snow,0,9
weather,0,6
dismay,0,1
alex,0,6
concerned,0,1
pub,2,10
bud,0,2
drinks,2,2
useful,0,2
market,0,2
officially,0,2
paid,1,4
pop,0,2
tootsie,0,1
darren,0,8
longer,0,5
25p,7,0
89693,2,0
area,7,4
gaytextbuddy,2,0
postcode,2,0
textbuddy,2,0
09064019014,1,0
4882,1,0
matches,5,0
vodafone,4,0
forwarded,4,4
ml,0,1
seven,0,2
seventeen,0,1
80062,5,0
expressoffer,2,0
holder,5,0
pc,5,1
tlp,3,0
ts,10,0
voucher,13,0
weeks,7,4
biola,0,1
sweetheart,0,2
dad,0,18
fetching,0,1
login,3,2
restock,0,1
thanksgiving,0,2
brighten,0,1
effects,0,1
sound,1,8
wee,0,1
thursday,0,3
allo,0,1
braved,0,1
ham,0,2
jolly,0,1
taken,0,4
trains,0,1
triumphed,0,1
cartoon,0,4
church,0,3
listening,1,2
temple,0,3
uncomfortable,0,1
08715203694,1,0
31,3,0
40533,2,0
email,1,13
3ss,1,0
rstm,1,0
sw7,1,0
gentle,0,2
rough,0,1
sonetimes,0,1
panic,0,1
starting,2,5
tuesday,0,4
bet,0,4
drugs,0,8
hella,0,3
town,3,20
wesleys,0,1
dealer,0,1
drug,0,5
impatient,0,2
cloud,0,1
earth,0,3
evng,0,4
river,0,2
sun,0,12
wikipedia,0,1
08718711108,1,0
88800,1,0
89034,1,0
premium,1,0
envelope,2,2
lays,0,2
paper,0,8
repent,0,1
fetch,0,5
prepare,0,3
kama,0,1
positions,0,1
sutra,0,1
bakra,0,1
en,0,2
kalstiya,0,1
nange,0,1
lakhs,0,1
belly,0,5
ho,0,4
laugh,0,5
posts,1,1
sun0819,1,0
08452810071,1,0
ditto,0,1
peace,0,3
saying,0,14
knw,0,8
wetherspoons,0,1
awake,0,3
piggy,0,1
freaky,0,1
lonely,1,2
scrappy,0,1
yelling,0,1
explain,0,4
hex,0,1
sdryb8i,0,1
xy,0,4
150ppmsg,1,0
1da,1,0
89555,3,0
bedroom,1,6
g2,1,0
lapdancer,1,0
sex,7,2
sue,1,0
textoperator,3,0
building,0,2
crying,0,1
imprtant,0,1
king,3,3
map,0,3
tomorw,0,1
accordingly,0,2
ans,4,6
bfore,0,1
cherthala,0,1
cochin,0,2
engaged,0,1
tmorow,0,1
bold,0,4
torch,0,3
08712404000,1,0
448712404000,1,0
farm,0,3
1405,0,1
1680,0,1
1843,0,1
4d,0,2
law,0,2
purchase,2,1
gpu,0,2
looks,0,6
poop,0,1
entrepreneurs,0,1
corporation,0,1
gap,0,3
dehydration,0,1
fluids,0,1
prevent,0,1
idea,0,8
weird,0,3
away,2,14
trek,0,1
harri,0,1
drivin,0,2
alerts,1,0
cnupdates,1,0
deck,1,0
fantastic,3,3
gage,1,0
newsletter,1,0
aeronautics,0,2
aeroplane,0,2
aftr,0,5
calld,0,2
datz,0,2
dey,0,5
height,0,4
hurried,0,2
professors,0,2
sit,0,5
students,0,4
wer,0,2
ws,0,2
attributed,0,1
shitstorm,0,1
timing,0,4
08714712388,1,0
7pm,5,1
dorm,0,2
stress,0,1
sell,1,5
050703,2,0
09071512433,2,0
1250,2,0
449071512431,1,0
b4,5,6
callcost,2,0
csbcm4235wc1n3xx,2,0
max,2,0
mobilesvary,2,0
px3748,0,1
specs,0,1
sth,0,1
08714712394,1,0
assume,0,3
macha,0,1
mindset,0,1
upset,0,2
flim,0,1
wondar,0,1
cookies,0,2
jelly,0,1
admit,0,2
correction,0,2
mad,0,2
running,1,2
scrumptious,0,1
wants,1,15
ba,0,2
dao,0,1
half8th,0,1
exactly,0,4
jide,0,1
visiting,0,1
2kbsubject,1,0
alertfrom,1,0
drvgsto,1,0
jeri,1,0
low,1,2
prescripiton,1,0
stewartsize,1,0
spring,0,2
yay,0,4
steak,0,1
neglect,0,1
twice,0,5
add,0,6
opportunity,0,4
prayers,0,1
4t,4,0
81151,4,0
ctxt,2,0
mtmsg,2,0
nokia6650,2,0
txtauction,5,0
attached,0,1
faster,1,3
gals,0,4
mayb,0,5
rite,0,12
glad,1,5
clocks,0,1
hadn,0,1
realised,0,1
shouted,0,2
wahay,0,1
eyes,0,6
gaze,0,1
shorter,0,3
930,0,2
08706091795,2,0
82324,1,0
helpline,2,0
subscribed,2,0
spoken,0,3
gist,0,1
40,2,0
realize,1,1
tattoos,1,0
thousands,1,0
premier,2,0
caveboy,0,1
gimme,0,2
lip,0,2
library,0,8
confused,0,2
holla,0,4
spare,0,2
faith,0,1
makes,0,14
possible,0,6
acting,0,2
vibrate,0,1
08704439680ts,1,0
79,1,0
grandmas,0,1
hungover,0,1
09066368327,1,0
50pmmorefrommobile2bremoved,1,0
claimcode,1,0
closingdate04,1,0
m39m51,1,0
mobypobox734ls27yf,1,0
unclaimed,1,0
faber,0,1
gua,0,1
mt,1,3
yest,0,5
wishing,0,7
50perwksub,3,0
88039,3,0
city,3,2
skilgme,3,0
store,7,2
summer,4,1
tscs087147403231winawk,3,0
goin,0,15
meetin,0,2
tis,0,4
wonder,0,10
apparently,0,3
closed,0,5
dramatic,0,1
drive,0,12
inch,0,2
schools,0,2
damn,0,6
hunting,0,1
drunkard,0,1
wats,0,4
idc,0,1
weaseling,0,1
space,1,5
picking,0,10
trash,0,1
begging,0,2
smokes,0,3
lovely,0,13
sing,1,1
punish,0,1
slave,0,7
beerage,0,1
0578,2,0
opening,0,2
randomlly,0,1
couldn,0,5
diff,0,2
fixes,0,1
spelling,0,1
100p,1,0
community,2,1
living,1,2
perfect,1,3
087018728737,1,0
08718727870,4,0
81618,3,0
pole,1,1
polyphonic,2,0
subpoly,3,0
toppoly,1,0
tune,1,0
bein,0,2
enjoyed,2,2
fondly,0,1
thot,0,2
dogbreath,0,1
jan,0,3
sounding,0,1
omg,0,3
weighed,0,1
woohoo,0,1
dictionary,0,4
pieces,0,3
uncountable,0,1
14thmarch,1,0
9996,1,0
availa,1,0
canlove,0,1
friendsare,0,1
nic,0,2
petey,0,2
thekingshead,0,1
whereare,0,1
m263uz,4,0
pobox84,5,0
appt,0,3
36504,5,0
8077,1,0
getzed,8,0
mates,8,0
no1,6,0
norm150p,4,0
w45wq,4,0
08000407165,2,0
4jx,1,0
88222,2,0
cashto,2,0
getstop,2,0
php,2,0
rg21,1,0
3d,0,4
dled,0,1
imp,0,2
ain,0,4
smokin,0,1
boooo,0,1
bec,0,2
ugh,0,11
nervous,0,1
costumes,0,1
gift,12,6
hint,0,2
yowifes,0,1
bag,0,6
borrow,0,2
bid,2,0
notifications,1,0
outbid,1,0
plyr,1,0
shinco,1,0
simonwatson5120,1,0
smsrewards,1,0
model,0,5
ones,0,6
youi,0,1
dobby,0,2
galileo,0,1
responding,1,2
2u,1,1
boo,0,5
enjoyin,0,1
gettin,2,6
hunny,0,4
llspeak,0,1
loveme,0,2
soonlots,0,1
xxxx,0,3
yourjob,0,1
ache,0,4
cappuccino,0,2
sips,0,1
starshine,0,1
teasing,0,5
08702840625,2,0
220,1,0
3qxj9,2,0
9ae,2,0
cm2,1,0
comuk,3,0
extra,4,5
smsservices,1,0
yourinclusive,1,0
08701417012,2,0
8007,13,0
alfie,2,0
charity,2,0
m8s,2,0
moon,2,4
nokias,2,0
polys,6,0
profit,2,1
zed,4,0
bits,0,1
brain,0,1
hahaha,0,1
green,1,5
turned,0,1
burial,0,1
mojibiola,0,1
07821230901,2,0
09065174042,2,0
cust,3,0
ages,1,3
hol,1,1
mate,0,9
rv,0,1
rvx,0,1
aburo,0,2
countin,0,2
given,0,3
kz,0,2
skyped,0,2
sura,0,5
ultimatum,0,2
surely,0,4
successful,0,2
08002888812,2,0
inconsiderate,0,2
nag,0,2
recession,0,2
wed,1,4
2morrow,0,2
soo,0,2
understand,0,8
comprehensive,0,1
mother,0,5
prashanthettan,0,1
09066350750,1,0
8wp,1,0
await,11,1
collection,16,0
ibiza,2,0
ppm,3,0
sk3,1,0
doug,0,1
guitar,0,1
impress,0,1
playing,0,4
realizes,0,1
samantha,0,1
seconds,0,3
suite,0,1
warning,0,1
xavier,0,3
stomach,0,2
swear,0,1
trauma,0,1
matter,0,4
shoes,0,1
wan,2,38
inner,0,1
tigress,0,1
version,0,3
bettersn,0,1
careful,2,2
lovejen,0,2
overdose,0,1
poor,0,5
probthat,0,1
sn,0,4
spk,0,4
urfeeling,0,1
returned,0,3
83110,1,0
discreet,2,0
fall,1,4
vip,3,0
worlds,1,1
ana,0,1
hai,0,3
rto,0,1
sathy,0,1
spoons,0,1
named,0,2
tampa,0,6
genius,0,2
connections,0,1
sort,1,7
corvettes,0,1
lately,0,1
lotta,0,1
09061104283,1,0
50pm,1,0
approx,1,1
cds,4,0
mystery,1,1
records,1,0
smsco,2,0
supply,3,0
virgin,1,0
yrs,3,4
bunkers,0,1
consider,0,2
peaceful,0,2
walls,0,2
07,2,0
07808,1,0
08719899217,1,0
41685,2,0
xxxxxx,1,0
asap,6,2
birds,1,3
champneys,1,0
chaps,1,0
dob,1,0
posh,1,0
prods,1,0
trial,1,0
user,3,1
0721072,1,0
hole,0,1
philosophical,0,1
saved,0,3
drop,2,12
cuddle,0,2
nap,0,2
atleast,0,1
shakespeare,0,1
shesil,0,3
09064011000,2,0
10k,3,0
5k,2,0
cr01327bt,2,0
fixedline,2,0
ntt,10,0
travel,2,1
castor,0,2
liverpool,2,0
mid,2,5
played,2,2
09058094565,2,0
08,2,0
09065171142,1,0
stopsms,1,0
doit,1,0
downloaded,1,0
mymoby,1,0
reminder,1,1
curfew,0,1
ear,0,1
getsleep,0,1
gibe,0,1
knew,0,8
lead,0,4
midnight,1,5
studdying,0,1
training,0,6
wanting,1,3
woul,0,1
massages,0,1
oil,0,1
sup,0,4
mac,0,2
permissions,0,1
usb,0,2
yoyyooo,0,1
gibbs,0,2
hussey,0,1
mike,0,1
unsold,0,5
failed,0,2
sad,0,15
faglord,0,1
unbelievable,0,2
murder,0,6
ctagg,0,1
ctargg,0,1
cttargg,0,1
ctter,0,1
cttergg,0,1
cutter,0,1
nutter,0,1
grateful,0,1
happier,0,1
superb,1,1
agents,0,1
experiment,0,1
invoices,0,1
outstanding,0,3
teach,0,5
smell,0,1
tobacco,0,1
assumed,0,1
derek,0,3
taylor,0,2
worst,0,1
charles,0,2
bookmark,1,0
dizzee,1,0
lastest,1,0
libertines,1,0
marley,1,0
nookii,1,0
racal,1,0
stereophonics,1,0
strokes,1,0
greet,2,2
grinule,0,1
plus,6,12
fudge,0,1
oreos,0,1
stores,0,2
white,0,4
08709222922,2,0
08712460324,5,0
5p,2,0
8p,2,0
cheaper,2,2
gay,5,1
january,1,5
male,3,0
peak,2,0
sale,4,3
ym,0,4
zaher,0,1
dieting,0,1
nauseous,0,1
pig,0,2
pissed,0,3
sweets,0,2
chip,0,1
addicted,0,2
iam,0,5
msging,0,3
wrong,0,11
photo,2,3
registered,3,3
yck,0,2
ashley,0,1
ma,0,4
avalarr,0,1
hollalater,0,1
attend,0,3
rounds,0,1
blogging,0,1
blogspot,0,1
magicalsongs,0,1
ate,0,4
diet,0,2
slices,0,1
kvb,0,1
1million,1,0
88600,3,0
box403,1,0
ppt150x3,1,0
w1t1jy,1,0
alternative,0,1
term,2,2
fro,0,1
mo,0,7
moments,0,2
ore,0,1
owo,0,1
samus,0,1
shoulders,0,1
09063440451,1,0
box334,1,0
lux,2,0
matthew,1,0
ppm150,1,0
sk38xh,4,0
jeans,0,2
wear,0,3
fever,0,3
vomitin,0,1
09061749602,1,0
1yf,1,0
528,1,0
hp20,1,0
bleh,0,1
stuffed,0,1
writhing,0,1
paypal,0,1
pockets,0,1
tons,1,1
voila,0,1
medical,0,4
places,0,4
theyre,0,1
folks,1,0
blown,0,1
recently,1,4
sorta,0,1
application,0,2
applying,0,1
expensive,0,1
ogunrinde,0,1
scores,0,1
secondary,0,1
sophas,0,1
photos,0,4
114,3,0
14,3,0
tcr,3,0
w1,4,0
lodging,0,1
chk,0,1
dict,0,1
ms,0,2
shb,0,1
carefully,0,4
feels,0,6
gravity,0,4
heavy,0,7
truth,0,9
bowl,0,4
filthy,2,0
stories,1,0
brand,3,2
decision,0,2
magical,0,3
simpler,0,2
retired,0,1
welp,0,2
natwest,0,1
09050001808,2,0
m95,2,0
valid12hrs,3,0
chad,0,1
christians,0,1
gymnastics,0,1
site,0,3
liking,0,1
necklace,0,2
token,0,1
aptitude,0,1
15,0,2
chicken,0,2
earlier,0,12
horse,0,1
racing,0,2
rice,0,2
closes,0,2
wrongly,0,1
ad,0,2
biatch,0,1
boggy,0,1
borin,1,1
boring,0,4
crap,0,2
nxt,0,6
hesitate,0,1
notebook,0,1
weakness,0,1
salary,0,4
chocolate,0,1
potential,0,2
talent,0,3
carpark,0,1
eightish,0,1
reckon,0,1
09063458130,2,0
3g,2,2
dload,2,0
java,2,0
noline,2,0
polyph,2,0
rentl,2,0
videochat,2,0
videophones,2,0
fuckin,0,2
dropped,0,3
loving,0,12
382,0,1
5wkg,0,1
61,0,1
65,0,2
66,0,1
67441233,0,1
6ph,0,1
bus8,0,1
cres,0,1
ere,0,1
irene,0,1
tech,0,2
ubi,0,1
yun,0,5
èn,0,1
butt,0,3
sd,0,1
sore,0,3
5ish,0,1
7am,0,1
party,0,12
relaxing,0,1
skirt,0,1
stripes,0,1
blessed,0,2
jesus,0,4
miracle,0,7
escalator,0,1
aunts,0,2
beth,0,1
charlie,0,1
helen,1,1
quiet,0,1
heard,3,7
syllabus,0,1
bluetoothhdset,1,0
contract,1,2
doublemins,1,0
doubletxt,1,0
panasonic,1,0
30pm,0,1
erode,0,1
kolathupalayam,0,1
poyyarikatur,0,1
unjalur,0,1
apt,0,1
hero,0,1
kerala,0,4
terrible,0,3
fan,0,2
lovers,0,2
meat,0,1
supreme,0,1
bakrid,0,1
ctla,0,1
cudnt,0,1
drove,0,2
ente,0,1
ishtamayoo,0,1
regret,0,3
exe,0,1
anniversary,0,2
coaxing,0,1
cougar,0,1
finds,0,1
fond,0,1
glorious,0,1
images,0,1
pen,0,2
prey,0,2
souveniers,0,1
09065394514,1,0
datebox1282essexcm61xn,2,0
fancies,3,0
secretly,2,0
pattern,0,2
scratches,0,1
throat,0,3
plm,0,2
asleep,0,5
foreign,0,2
lecture,0,4
stamps,0,2
nanny,0,1
raise,0,3
sheffield,0,2
defo,0,1
hardest,0,1
lekdog,0,1
millions,0,1
shitin,0,1
zoe,1,1
filling,0,1
loverboy,0,6
setting,0,2
blankets,0,1
sufficient,1,1
thx,0,2
nyt,3,10
edison,0,1
fool,0,2
gm,0,3
gn,0,4
gnt,0,1
rightly,0,1
speechless,0,1
viva,0,1
atten,0,1
roast,0,3
09058097218,1,0
ls15hb,2,0
concentrate,0,3
educational,0,2
chatting,1,1
flirting,1,0
walked,0,3
euro,2,0
kickoff,2,0
3rd,0,4
june,1,2
sells,0,2
analysis,0,1
data,0,1
thesis,0,2
belligerent,0,1
april,0,6
drunk,0,2
hiya,0,5
ink,0,1
les,0,1
rudi,0,1
sends,0,2
snoring,0,1
515,0,1
deciding,0,2
throwing,0,1
150p16,2,0
84025,3,0
compare,2,0
eastenders,2,0
flower,2,4
lily,2,0
tulip,2,0
violet,2,0
wkent,2,0
networking,0,2
process,0,6
support,0,6
technical,0,3
finalise,0,1
prepared,0,2
works,0,1
flirtparty,1,0
replys150,1,0
bitch,1,3
dentist,0,1
09058091854,1,0
6wu,1,0
box385,1,0
m6,1,0
revealed,3,0
bathing,0,3
09050003091,2,0
c52,2,0
xchat,4,0
juicy,0,1
lul,0,1
nurses,0,1
obese,0,1
oyea,0,1
shes,0,1
ami,0,1
iccha,0,1
kaaj,0,1
kicchu,0,1
korche,0,1
korte,0,1
na,0,9
oi,0,1
parchi,0,1
tul,0,1
copies,0,1
movies,0,8
sculpture,0,1
convey,0,6
regards,0,3
pokkiri,0,1
surya,0,1
vijay,0,4
pic,8,5
dearer,0,3
dem,0,3
attraction,0,1
breath,1,1
craziest,0,1
curry,0,2
fight,0,2
makiing,0,1
planet,0,1
praises,0,1
proove,0,1
sambar,0,1
singing,0,2
sorrows,0,1
thoughts,0,2
4few,0,1
alwys,0,3
clock,0,3
conected,0,1
evn,0,3
itz,0,2
ndship,0,1
needle,0,1
hands,0,4
spatula,0,1
09061221061,1,0
28days,1,0
2yr,1,0
99,1,0
box177,1,0
digital,5,0
m221bp,1,0
sipix,3,0
warranty,1,0
09061790121,2,0
doctor,0,5
complexities,0,1
freely,0,1
outrageous,0,1
taxes,0,1
tomorro,0,1
ryder,0,1
elvis,1,0
presleys,1,0
receipt,3,2
subscriber,4,0
fret,0,1
postal,0,1
strips,0,1
cliff,0,1
gifts,0,1
interesting,0,4
ne,0,3
uni,0,3
wrking,0,1
depressed,0,2
drops,0,1
sittin,0,1
wind,0,2
black,0,7
aiyah,0,5
awaiting,4,0
information,4,2
o2,3,0
surprise,2,5
urawinner,2,0
hen,0,1
grins,0,8
italian,0,4
smoked,0,1
math,0,2
dhoni,0,1
rocks,0,2
teju,0,1
hourish,0,1
amla,0,1
durban,0,1
ground,0,2
convenience,0,1
evaluation,0,1
09050000301,1,0
449050000301,1,0
80155,1,0
chat80155,1,0
chatter,1,0
rcd,1,0
speed,1,2
speedchat,1,0
swap,1,0
cancel,2,2
cheyyamo,0,1
08000776320,2,0
aiyar,0,1
80160,1,0
survey,1,1
txt43,1,0
catching,0,3
brothers,0,1
falls,0,2
gal,0,3
throws,0,1
whos,0,3
hmv1,1,0
difficulties,0,1
errors,0,1
howz,0,6
piah,0,1
sar,0,1
tau,0,1
08707808226,1,0
1stchoice,1,0
wearing,0,4
film,1,5
shade,0,1
copied,0,1
08450542832,1,0
84122,1,0
luck,4,4
marketing,1,0
notified,1,0
raining,0,5
station,0,5
tank,0,2
4fil,1,0
69911,1,0
cute,1,7
sexual,1,0
theirs,1,0
virgins,1,0
kaitlyn,0,1
sitter,0,1
adult,3,1
comment,0,1
danger,0,1
peeps,0,1
veggie,0,1
neighbors,0,1
computerless,0,1
balloon,0,1
drms,0,1
silently,0,2
61200,1,0
energy,2,4
itcould,1,0
le,1,1
lucozade,1,0
oz,1,1
packs,1,0
rally,1,0
wrc,1,0
melody,0,1
horrible,0,4
macs,0,1
toot,0,2
bigger,0,3
hme,0,1
nw,0,3
islands,1,1
chennai,0,11
velachery,0,1
flippin,0,1
breaking,0,1
cstore,0,1
annoying,0,2
hangin,0,1
makin,0,2
lodge,0,1
popcorn,0,1
quizzes,0,1
shame,0,3
worrying,0,1
087016248,1,0
celeb,3,0
jordan,4,1
pocketbabe,3,0
08719181503,1,0
voicemail,3,0
2go,0,3
arguments,0,1
fed,0,1
himso,0,1
beneficiary,0,2
credited,1,3
neft,0,2
tuition,0,6
understanding,0,2
1win150ppmx3,2,0
choice,3,2
enter,7,3
subs16,2,0
apart,0,2
appreciated,0,1
semi,0,1
30apr,1,0
delivered,3,0
exp,1,0
arms,0,4
strong,3,4
maaaan,0,1
guessin,0,1
walmart,0,2
ilol,0,1
mite,0,4
personally,0,1
wuldnt,0,1
creepy,0,2
lunchtime,0,1
organise,0,1
08719181513,2,0
complete,0,3
5years,0,1
easier,0,4
passable,0,1
phd,0,1
score,0,2
4info,3,0
87021,3,0
nok,2,0
txtin,3,0
prakesh,0,1
apps,0,3
aging,0,1
anti,0,3
betta,0,1
invest,0,2
products,0,1
rofl,0,2
1hr,0,2
delay,0,1
08700435505150p,1,0
accommodation,1,0
global,1,0
ph,2,1
phb1,1,0
various,1,1
submitting,0,1
08712405020,3,0
84128,2,0
textcomp,2,0
purse,0,1
snatch,0,1
0quit,0,1
2nhite,0,1
basq,0,1
dancce,0,1
dnot,0,1
drivby,0,1
drum,0,1
edrunk,0,1
iff,0,1
ihave,0,1
pthis,0,1
ros,0,1
senrd,0,1
xxxxxxx,0,1
morn,0,3
relieved,0,1
westonzoyland,0,1
greatness,0,1
europe,1,1
chinese,0,5
docs,0,2
songs,0,2
goin2bed,0,1
havin,1,2
only1more,0,1
mc,0,1
2nite,4,4
ava,0,1
every1,0,1
everythin,0,1
goodtime,0,1
hun,0,5
ifink,0,1
l8rs,0,1
melnite,0,1
mon,0,8
oli,0,1
rang,0,2
sorted,0,2
08712402779,1,0
flip,0,1
bian,0,1
exhibition,0,1
glass,0,1
shun,0,1
el,0,1
nino,0,1
cbe,0,3
honey,0,6
accounts,0,1
executive,0,2
jd,0,1
downstem,0,1
picked,1,4
08718730555,1,0
wahala,0,1
acid,0,1
evil,0,1
inperialmusic,0,1
insects,0,1
john,0,8
leafcutter,0,1
listening2the,0,1
molested,0,1
plumbing,0,1
remixed,0,1
weirdest,0,2
bedbut,0,1
bellearlier,0,1
didntgive,0,1
jenxxx,0,1
l8tr,0,2
thepub,0,1
uwana,0,1
exact,0,3
09096102316,1,0
2moro,1,2
jane,1,1
minmoremobsemspobox45po139wa,2,0
cheery,0,1
tee,0,2
cell,0,4
thts,0,5
control,0,1
dough,0,1
80488,4,0
weirdo,0,1
mode,0,7
profiles,0,1
stalk,0,1
express,0,2
fails,0,2
irritates,0,2
jerry,0,2
drinkin,0,2
wondering,0,6
dog,0,3
5pm,0,2
95,0,1
deposit,0,1
pax,0,1
tour,3,2
jap,0,1
disappeared,0,1
birthdate,0,1
certificate,0,1
publish,0,1
dreams,0,10
nydc,0,2
wheellock,0,1
destination,0,1
favour,0,3
happenin,0,1
ola,0,2
settling,0,1
cocksuckers,0,1
garbage,0,1
ipads,0,1
items,0,1
novelty,0,1
worthless,0,1
broke,0,3
dads,0,1
fran,0,3
janx,0,1
knackered,0,2
designation,0,1
developer,0,1
software,0,2
09701213186,1,0
gold,1,1
jamster,2,0
logos,2,0
musicnews,1,0
videosound,1,0
videosounds,1,0
3gbp,2,0
lionm,1,0
lionp,1,0
lions,1,0
original,2,1
ringtones,5,0
jokin,0,2
bb,0,7
spirit,0,1
shattered,0,1
alrite,0,7
girlie,0,1
idiot,1,1
colours,0,1
darker,0,1
styling,0,1
gray,0,1
listn,0,1
remembr,0,2
watevr,0,1
whenevr,0,2
harry,2,0
phoenix,2,0
potter,2,0
readers,2,0
minus,0,1
paragraphs,0,1
shd,0,5
coveragd,0,1
vasai,0,1
retard,0,1
bathroom,0,1
80,1,0
sang,1,0
uptown,1,0
february,0,4
rush,0,3
icic,0,1
canada,0,2
syria,0,1
cares,0,2
goodnoon,0,2
gauge,0,1
patty,0,2
completing,0,1
vl,0,6
ax,0,1
6hrs,0,3
chill,0,2
emergency,0,1
surgical,0,1
unfolds,0,1
frens,0,8
korean,0,1
fredericksburg,0,1
buen,0,1
pases,0,1
que,0,1
tiempo,0,1
chillin,0,2
super,1,3
0870241182716,2,0
89080,2,0
free2day,2,0
george,2,0
saucy,3,0
theres,0,1
tmrw,0,2
compass,0,1
gnun,0,1
soul,0,2
way2sms,0,1
baaaaabe,0,1
misss,0,1
youuuuu,0,1
convince,0,1
hurting,0,2
main,0,2
ned,0,2
tht,0,7
witot,0,1
sweetie,0,2
4a,0,2
blackberry,0,3
buyer,0,1
avoids,0,1
becz,0,1
chain,0,3
marry,0,5
pple,0,5
problems,0,3
suffer,0,1
undrstndng,0,1
whn,0,2
arrested,0,5
steamboat,0,1
suntec,0,3
dance,0,2
forgive,0,1
messenger,0,2
moji,0,3
reaching,0,4
tp,0,1
0870,7,0
08707509020,6,0
1327,7,0
20p,7,0
5wb,7,0
cr9,7,0
croydon,7,0
fantasies,5,0
6ish,0,1
bbq,0,1
everyso,0,1
panicks,0,1
bar,0,2
cover,0,6
gently,0,3
screen,0,3
write,0,5
08718730666,1,0
bears,2,0
fact,1,8
nick,1,0
tom,1,2
types,1,0
upload,1,0
auntie,0,1
huai,0,1
juan,0,2
lf56,1,0
linerental,4,0
tlk,0,2
appear,0,1
ideal,0,2
path,0,1
paths,0,1
walking,0,4
arm,0,1
shot,0,2
reserve,0,1
tackle,0,1
thirunelvali,0,1
tirunelvali,0,1
4get,0,2
girlfrnd,0,1
grahmbell,0,1
invnted,0,1
margaret,0,1
meaning,0,3
moral,0,5
phne,0,1
storming,0,1
telphone,0,1
wt,0,1
popped,0,2
tonght,0,1
chinky,0,1
ironing,0,1
pile,0,1
ploughing,0,1
nz,0,1
players,0,3
wi,0,1
aust,0,1
bk,0,2
effect,0,1
cafe,0,5
recharged,0,1
kidding,0,2
papa,0,1
shld,0,1
stretch,0,1
detailed,0,1
beware,1,2
disclose,0,2
frauds,0,2
icicibank,0,2
payee,0,2
share,0,4
sinco,0,2
urn,0,2
caring,0,2
losers,0,1
vote,1,1
beta,0,1
kaiez,0,1
option,0,2
babies,0,1
practicing,0,1
noncomittal,0,1
beneath,0,2
goodnite,0,2
pale,0,2
msgrcvdhg,3,0
chords,0,1
snickering,0,1
tells,2,2
totally,1,3
rem,0,3
silver,0,1
lmao,0,5
silence,0,1
win150ppmx3age16,1,0
boyf,0,1
exams,0,2
exeter,0,2
interviw,0,1
revision,0,2
determine,0,1
entire,0,1
spreadsheet,0,1
arsenal,1,0
condition,1,0
dartboard,1,0
doubles,1,0
trebles,1,0
coat,0,1
everybody,0,3
painful,0,2
recognises,0,1
wisheds,0,1
duo,0,1
intrepid,0,1
guilty,0,3
missin,0,2
aiya,0,3
cardiff,0,2
addie,0,1
tues,0,2
breeze,0,1
bright,0,2
fresh,0,1
twittering,0,1
restaurant,0,2
pod,3,0
textpod,2,0
chinchillas,0,1
ducking,0,1
function,0,1
desperate,0,2
headstart,0,1
rummer,0,1
certainly,0,3
flying,0,1
monkeys,0,2
bbc,1,0
charts,1,0
optin,1,0
thanks2,0,1
rajini,0,1
practical,0,2
help08714742804,1,0
matched,1,0
optout,4,0
summers,1,0
mails,0,2
spys,0,1
09099725823,1,0
claire,1,1
bought,1,2
costing,2,0
offering,1,0
ali,0,1
astne,0,1
bilo,0,1
edhae,0,1
halla,0,1
innu,0,1
ke,0,2
lyf,0,1
lyfu,0,1
meow,0,1
mundhe,0,1
ovr,0,1
program,0,1
vargu,0,1
yalru,0,1
aah,0,1
06,6,0
07xxxxxxxxx,3,0
09066362231,2,0
prone,0,1
07801543489,1,0
latests,1,0
llc,1,0
msgrcvd18,1,0
ny,1,1
usa,1,0
permission,0,1
09099726395,1,0
cumin,1,0
hubby,1,1
lucy,1,0
meetins,1,0
minmobsmorelkpobox177hp51fl,3,0
4th,0,5
5th,0,3
6th,0,3
7th,0,3
nature,0,4
personality,0,3
wonders,0,3
dose,0,1
tablet,0,1
incomm,0,1
blake,0,3
lotr,1,1
keeping,0,4
google,0,4
maps,0,1
concentrating,0,1
modules,0,1
tiring,0,1
browsin,0,1
compulsory,0,1
musthu,0,2
purity,0,3
investigate,0,1
vomit,0,2
aint,0,4
sha,0,3
vitamin,0,1
centre,0,4
crucial,0,1
2channel,1,0
jsco,1,0
leadership,1,0
psychic,1,0
skills,1,0
based,0,1
host,0,1
idps,0,1
linux,0,1
systems,0,1
converter,0,1
total,1,1
karaoke,1,1
stars,1,2
sayy,0,1
testing,0,2
loved,0,8
nit,0,2
leanne,0,1
disc,0,1
file,0,3
format,0,1
champ,0,1
glasgow,0,1
hows,0,8
lovin,0,1
arrive,6,1
artists,1,0
browse,1,0
install,1,0
shortly,3,1
corect,0,1
sarcasm,0,2
speling,0,1
4719,1,0
523,1,0
forum,0,2
ron,0,4
cts,0,1
employee,0,1
aunt,0,2
nike,0,1
sooo,0,1
screaming,0,5
shouting,0,1
dang,0,1
airport,1,3
unfortunately,0,2
7250i,4,0
86021,5,0
auction,7,2
w1jhl,4,0
difficult,0,9
earliest,0,1
nordstrom,0,1
ayn,0,1
ese,0,2
evrey,0,1
exmpel,0,1
gving,0,1
jsut,0,1
konw,0,1
mitsake,0,1
raed,0,1
rael,0,1
sitll,0,1
splleing,0,1
tihs,0,1
waht,0,1
wihtuot,0,1
wrnog,0,1
yuo,0,1
conference,0,1
ow,1,1
degree,0,1
finance,0,1
joining,0,2
bleak,0,1
filled,0,1
prospects,0,3
jia,0,1
shant,0,1
bishan,0,2
nearer,0,1
buff,0,3
raiden,0,1
sux,0,2
kegger,0,2
preferably,0,2
south,0,4
totes,0,1
cardin,0,1
costs,1,2
pierre,0,1
establish,0,1
rhythm,0,1
ext,0,1
truro,0,1
adventure,0,1
gang,0,3
gas,0,8
cloth,0,1
pack,0,2
tablets,0,3
sunroof,0,1
excellent,0,7
doors,0,2
finishing,0,3
blanked,0,1
wifi,0,1
image,0,1
rumour,0,2
kalainar,0,1
thenampet,0,1
7250,1,0
freaked,0,1
idk,0,3
nosy,0,1
reacting,0,1
destiny,0,1
imposter,0,1
satanic,0,1
aaniye,0,1
athletic,0,1
boyfriend,0,1
chef,0,1
companion,0,1
courageous,0,1
dependable,0,1
determined,0,1
driver,0,2
exterminator,0,1
healer,0,1
listener,0,1
organizer,0,1
pest,0,1
psychiatrist,0,1
psychologist,0,1
pudunga,0,1
stylist,0,1
sympathetic,0,1
venaam,0,1
brothas,0,2
chasing,1,2
chez,0,1
jules,0,1
hhahhaahahah,0,1
leonardo,0,1
nig,0,1
kicks,0,2
2years,0,1
dime,0,1
strain,0,1
withdraw,0,1
falling,0,2
force,0,3
smeone,0,2
millers,0,1
flame,0,1
rawring,0,1
spark,0,1
xoxo,0,1
crushes,0,1
somewhr,0,1
honeymoon,0,1
outfit,0,1
propose,0,2
08719899230,1,0
blame,0,2
blessings,0,1
gods,0,1
cheque,0,1
olympics,1,0
leo,0,1
haul,0,1
that2worzels,0,1
want2come,0,1
wildlife,0,1
wizzle,0,1
dippeditinadew,0,2
gifted,0,2
itwhichturnedinto,0,2
lovingly,0,2
tomeandsaid,0,2
cya,0,1
instead,0,5
shanghai,0,1
freezing,0,3
645,0,1
08701237397,1,0
pro,1,0
redeemable,1,0
ringtoneking,2,0
rt,1,0
thnx,0,1
anjie,0,1
sef,0,1
batch,0,2
fring,0,1
flaky,0,1
sooooo,0,2
laughing,0,3
nte,0,1
tooo,0,1
winning,0,1
09058094599,2,0
confuses,0,1
wating,0,1
02072069400,1,0
526,1,0
british,2,0
bx,1,0
hotels,2,0
london,1,1
sw73ss,2,0
talents,0,1
6pm,0,2
adoring,0,2
animal,0,1
buzz,0,5
addamsfa,2,0
dracula,2,0
eerie,4,0
exorcist,2,0
ghost,2,0
munsters,2,0
title,3,0
titles,3,0
twilight,2,0
brought,2,1
cared,0,2
constant,0,2
shiny,0,1
warming,0,1
fooled,0,1
french,0,1
surprised,0,3
wasn,0,6
0a,1,0
allow,1,0
companies,1,0
guarantee,1,0
responsible,1,0
suppliers,1,0
comedy,0,1
08712317606,1,0
2rcv,1,0
82242,1,0
feelin,1,0
hlp,1,0
lnly,1,0
moby,3,0
msg150p,1,0
keen,0,1
dammit,0,1
switch,1,1
fly,0,1
wright,0,1
event,0,2
laden,0,1
somewhat,0,1
wrecked,0,1
goodevening,0,1
spontaneously,0,1
lei,0,16
08712405022,2,0
80608,2,0
action,3,0
movietrivia,2,0
waking,0,5
partnership,0,2
rgent,1,0
09099726429,1,0
busty,1,0
daytime,1,0
janinexx,1,0
lookin,1,3
inside,0,5
spageddies,0,1
dimension,0,1
fourth,0,1
phasing,0,1
compromised,0,1
meaningful,0,1
mornin,0,1
09050001295,1,0
a21,1,0
391784,1,0
mobsi,1,0
monthly,1,2
dub,0,1
je,0,1
toughest,0,1
unspoken,0,1
ideas,0,2
jas,0,1
maintain,0,2
remain,0,3
sh,0,2
sight,0,3
squatting,0,1
cramps,0,2
0089,1,0
09063442151,1,0
digits,1,0
received,1,1
nan,0,3
soladha,0,1
sonathaya,0,1
dudes,0,1
poker,0,2
raping,0,1
weightloss,0,1
embarrassed,0,1
mushy,0,1
ran,0,3
stash,0,1
priya,0,1
81303,3,0
ordered,2,1
father,0,8
messy,0,2
kilos,0,1
accidant,0,1
ghodbandar,0,1
moves,0,2
rd,0,2
slip,0,2
slovely,0,1
tookplace,0,1
traffic,0,1
nus,0,2
sc,0,1
specialise,0,1
wad,0,1
wkg,0,2
dislikes,0,3
likes,0,3
desparately,0,1
keeps,0,1
queen,0,4
fren,0,4
gotten,0,2
promises,0,2
album,0,2
mi,0,1
stereo,0,1
unknown,0,2
09094646899,2,0
121,3,0
60p,3,0
bcm1896wc1n3xx,2,0
connect,2,2
vu,2,0
classmates,0,1
fires,0,1
2007,2,0
boys,2,1
pre,1,1
trackmarque,1,0
vipclub4u,1,0
hook,0,4
missionary,0,1
standing,0,2
entertaining,0,1
hugh,0,1
laurie,0,1
stick,0,1
praps,0,1
000pes,0,1
48,0,2
bin,1,3
dinero,0,1
james,1,1
jon,0,1
rents,0,1
spain,0,1
alaipayuthe,0,2
maangalyam,0,2
complaining,0,1
05,3,0
09041940223,1,0
29,1,0
chosen,2,0
easter,1,1
fm,1,0
hotmix,1,0
mandy,1,0
sullivan,1,0
telephone,1,0
transferred,1,0
finn,0,1
di,0,2
07786200117,2,0
08081560665,2,0
bahamas,2,0
callfreefone,2,0
cruise,2,0
calm,0,1
downon,0,1
haventcn,0,1
itxt,0,1
iwana,0,1
nething,0,1
theacusations,0,1
thew,0,1
up4,0,2
wotu,0,1
dine,0,1
09111030116,1,0
conacted,1,0
pobox12n146tf15,1,0
inspection,0,1
nursery,0,1
social,0,4
follow,2,1
habit,0,2
slowly,0,7
panren,0,1
paru,0,1
bac,0,1
carryin,0,1
chuckin,0,1
trainners,0,1
schedule,1,2
dhanush,0,1
needing,0,1
stuck,0,1
habba,0,1
hw,0,6
contacts,0,2
dileep,0,1
mentioned,0,1
muchand,0,1
venugopal,0,1
everytime,0,1
forgets,0,2
remembrs,0,1
mandan,0,2
07734396839,2,0
ibh,2,0
nokia6600,2,0
3230,0,1
algorithms,0,1
edition,0,1
regarding,0,2
selling,1,2
textbook,0,1
adore,0,2
buns,0,4
arcade,1,0
console,1,0
invaders,1,0
orig,1,0
settings,1,1
09064018838,1,0
alert,3,0
cro1327,1,0
atlanta,0,3
recharge,0,2
created,1,2
fills,0,2
gaps,0,2
holding,0,5
arun,0,2
transfr,0,1
takin,0,2
philosophy,0,3
careabout,0,1
intend,0,1
itried2tell,0,1
iwas,0,1
marine,0,1
urmom,0,1
82050,1,0
exciting,3,2
eye,1,0
foley,1,0
prizes,1,0
desparate,0,2
fake,0,2
learned,0,1
answering,0,3
afghanistan,0,1
honest,0,1
iraq,0,1
stable,0,1
traveling,0,1
1225,1,0
3100,1,0
50award,1,0
pai,0,1
seh,0,1
beer,0,4
combine,0,2
parts,0,1
terry,0,1
tue,0,1
walsall,0,1
jess,0,3
sian,0,2
ccna,0,1
shrek,0,1
dirty,1,2
fellow,0,1
dying,0,1
lifting,0,1
aid,0,1
bam,0,1
dec,0,1
ld,0,1
package,1,2
teresa,0,1
usmle,0,1
mwahs,0,1
squishy,0,1
g696ga,2,0
hottest,1,0
cheek,0,1
prominent,0,1
september,0,1
husband,0,2
09050280520,1,0
8027,1,0
backdoor,1,0
bcm,1,0
dps,1,0
fraction,1,0
hack,1,0
neo69,1,0
subscribe,1,0
norm,2,1
joanna,0,1
list,0,4
comingdown,0,1
murali,0,1
replacement,0,2
sts,0,1
elliot,0,1
engalnd,0,1
kissing,0,1
mia,0,1
telly,0,2
08001950382,3,0
100txt,1,0
12mths,2,0
2price,1,0
d3wv,1,0
mth,1,0
tooth,2,0
upto,2,1
wipro,0,2
matric,0,1
650,0,1
850,0,1
payoh,0,3
toa,0,3
08718726970,1,0
fedex,0,1
payments,0,1
reception,0,1
hate,0,3
consensus,0,1
entertain,0,1
bras,0,1
delete,0,2
laundry,0,1
pillows,0,1
skype,0,3
strewn,0,1
tag,0,1
underwear,0,2
wednesday,0,5
fathima,0,2
waheed,0,2
exposes,0,1
knee,0,1
mmmm,0,3
pulls,0,1
pushes,0,2
weaknesses,0,1
wicked,0,1
ps3,0,1
srt,0,1
supports,0,1
thnk,0,7
jontin,0,1
banned,1,0
nearly,1,2
biro,0,1
masters,0,1
09058094594,1,0
avoiding,0,2
shell,0,1
unconsciously,0,1
unhappy,0,1
excuse,0,5
jog,0,1
0776xxxxxxx,1,0
18yrs,2,0
09061743811,1,0
326,2,0
abta,2,0
season,1,4
lark,0,1
0870753331018,1,0
09090900040,1,0
7mp,1,0
extreme,1,0
sic,1,0
fones,1,0
stop2stop,1,0
wild,1,0
heads,0,2
uh,0,2
lim,0,1
parachute,0,1
vday,0,2
placed,0,1
08452810073,2,0
80182,2,0
lambda,0,1
table,0,2
angels,0,1
build,0,1
fights,0,1
snowball,0,1
snowman,0,2
ello,0,1
ikea,0,2
cn,0,2
duffer,0,1
ofice,0,1
grr,0,1
pharmacy,0,1
prescription,0,1
cook,0,4
electricity,0,2
08715500022,1,0
cnl,1,0
rpl,1,0
fffff,0,1
kadeem,0,3
fujitsu,0,2
lifebook,0,1
act,0,1
qing,0,1
scold,0,1
se,0,2
zhong,0,1
hypertension,0,1
annoyin,0,1
wud,0,2
08702490080,1,0
09066358152,2,0
prompts,2,0
vpod,1,0
carry,0,2
disturbing,0,1
avatar,0,3
nigro,0,1
scratching,0,1
anyplaces,0,1
stops,0,1
cleaning,0,3
constantly,0,1
priority,0,1
ecstasy,0,1
09090204448,1,0
ls278bb,1,0
minapn,1,0
minded,1,0
flies,0,1
hittng,0,1
reflex,0,1
09050090044,3,0
costa,4,0
max10mins,3,0
pobox334,3,0
sol,4,0
stockport,3,0
toclaim,3,0
cat,0,2
lousy,0,3
woken,0,1
hip,0,4
adewale,0,1
aka,0,2
egbon,0,1
ic,0,1
mary,0,1
deduct,0,1
wrks,0,1
asshole,0,1
monkey,0,1
grab,0,1
sliding,0,1
09065394973,1,0
payback,0,1
crack,0,2
havnt,0,2
honeybee,0,2
laughed,0,2
sweetest,0,2
tescos,0,1
bowa,0,1
feathery,0,1
infra,0,1
nvm,0,2
gep,0,1
delhi,0,2
thinkin,0,5
2006,1,0
87239,3,0
fifa,1,0
held,1,1
boat,0,3
moms,0,5
shhhhh,0,1
arul,0,1
related,0,1
amk,0,1
09061743810,1,0
distract,0,2
fringe,0,2
length,0,1
antha,0,1
corrct,0,1
dane,0,1
basket,0,1
proof,0,2
rupaul,0,1
08712400602450p,2,0
61610,2,0
provided,3,0
tones2you,2,0
curtsey,0,1
practising,0,1
2i,0,1
4my,0,1
feelingood,0,1
havbeen,0,1
havebeen,0,1
ordinator,0,1
payed2day,0,1
preschoolco,0,1
rise,0,1
yeh,0,2
memory,0,1
converted,0,1
downloads,2,0
members,3,0
african,0,1
soil,0,1
major,0,2
mel,0,2
outreach,0,1
roles,0,1
7oz,0,1
8lb,0,1
birth,0,1
brilliantly,0,1
forwarding,0,1
intention,0,1
visitors,0,1
bend,0,1
inlude,0,1
previews,0,1
responsibility,0,2
rule,0,1
rules,0,1
thia,0,1
08006344447,1,0
freefone,2,0
ambrith,0,1
dha,0,1
madurai,0,1
marrge,0,1
kitty,0,1
natural,0,3
shaved,0,1
onwards,0,2
tactful,0,1
150ppermesssubscription,2,0
1winaweek,2,0
skillgame,2,0
tscs,2,0
theatre,0,4
eggs,0,1
obviously,0,4
pert,0,1
crammed,0,1
47per,0,1
lie,0,4
satsgettin,0,1
apologize,0,1
pei,0,1
boost,0,2
kid,0,1
subtoitles,0,1
sitting,0,5
jot,0,1
cereals,0,1
gari,0,1
affair,0,1
infernal,0,3
including,0,5
bold2,0,1
calicut,0,1
09094100151,1,0
1er,1,0
aom,1,0
box61,1,0
cast,1,0
gbp5,1,0
m60,1,0
nb,0,2
parco,0,2
thkin,0,1
resubbing,0,1
shadow,0,1
breadstick,0,1
ahmad,0,5
hallaq,0,2
saeed,0,1
09066362220,1,0
box97n7qp,3,0
bck,0,1
brown,0,1
color,0,2
giv,0,1
lyk,0,2
pink,0,2
purple,0,1
yelow,0,1
arranging,0,1
eldest,0,1
drugdealer,0,1
23f,1,0
23g,1,0
gender,2,0
wither,1,0
sleepwell,0,2
wondarfull,0,1
box139,1,0
la32wu,1,0
txt250,1,0
txtx,1,0
web2mobile,1,0
normally,0,2
donyt,0,1
latelyxxx,0,1
onbus,0,1
85233,1,0
mca,0,2
rich,0,2
2hook,0,1
endof,0,1
justthought,0,1
m8,2,1
nevamind,0,1
offdam,0,1
sayhey,0,1
uwant,0,1
84199,2,0
box39822,2,0
eng,2,0
flag,2,0
official,2,1
w111wx,2,0
yer,2,0
stressed,0,1
yor,0,1
jason,0,1
provider,0,1
soooo,0,1
tming,0,1
subs,3,0
cutest,0,1
art,0,1
dice,0,1
08700469649,1,0
box420,1,0
inclusive,3,0
howda,0,1
mathe,0,1
samachara,0,1
audrie,0,1
autocorrect,0,1
readiness,0,1
simulate,0,1
armand,0,3
vomiting,0,1
feet,0,2
rub,0,1
lara,0,1
supplies,0,1
attach,0,1
clever,0,2
guesses,0,1
087123002209am,1,0
113,2,0
bray,2,0
eire,2,0
med,2,1
stamped,2,0
wicklow,2,0
nickey,0,1
nobbing,0,1
platt,0,1
washob,0,1
ryan,0,1
vikky,0,4
idew,1,0
argh,0,2
looked,0,2
province,0,1
spotty,0,1
sterling,0,1
hall,0,1
hesitation,0,1
intha,0,1
ipaditan,0,1
manage,0,1
ponnungale,0,1
xam,0,2
rejected,0,1
diamonds,0,2
shitload,0,1
favor,0,2
nimya,0,4
shijas,0,2
tessy,0,2
aunty,0,2
china,0,2
noisy,0,1
mcat,0,2
needa,0,1
manual,0,1
reset,0,1
troubleshooting,0,1
08717168528,1,0
27,2,0
b4u,1,0
b4utele,1,0
marsms,1,0
beg,1,1
creativity,0,1
expecting,0,5
sacrifice,0,2
stifled,0,1
strongly,0,1
morphine,0,2
requirements,0,1
2getha,0,1
stayin,0,2
buffy,1,0
help08700621170150p,1,0
pix,3,2
qlynnbv,1,0
satisfy,1,0
30,0,7
cld,0,2
nosh,0,1
prefer,0,3
lololo,0,1
waaaat,0,1
occupied,0,1
documents,0,1
kindly,0,3
stapati,0,1
submitted,0,1
miles,0,1
cutie,0,1
hills,0,1
killed,0,2
colleagues,0,4
kidz,0,3
latr,0,4
minuts,0,4
mood,0,5
sed,0,4
sofa,0,6
honesty,0,1
beggar,0,1
labor,0,1
shakara,0,1
specialisation,0,1
dent,0,1
smashed,0,1
crickiting,0,1
2docd,0,1
dontignore,0,1
dontmatter,0,1
dontplease,0,1
imin,0,1
isv,0,1
mycalls,0,1
outl8r,0,1
reallyneed,0,1
thecd,0,1
tome,0,1
urgoin,0,1
yavnt,0,1
ibuprofens,0,1
popping,0,1
sip,0,1
grown,0,1
ps,0,2
beehoon,0,1
chinatown,0,1
claypot,0,1
fishhead,0,1
porridge,0,1
tok,0,2
yam,0,1
jaklin,0,1
specific,0,1
cliffs,0,1
nearby,0,1
49,1,0
avble,1,0
bundle,1,0
deals,1,0
mf,1,0
ntwk,3,0
figures,0,2
pages,0,3
4got,0,1
moseley,0,1
ooh,0,1
weds,0,1
thankyou,0,1
pending,0,2
aluable,0,1
atural,0,1
ffectionate,0,1
namous,0,1
ntimate,0,1
oble,0,1
oveable,0,1
ruthful,0,1
ternal,0,1
textin,0,1
cousin,0,2
frndship,0,3
excuses,0,2
raji,0,2
amigos,0,1
burn,0,1
legs,0,2
neck,0,1
continue,0,1
progress,0,1
holy,0,1
weren,0,1
arty,0,1
collages,0,1
tryin,0,1
billion,0,2
classes,0,2
2hrs,0,1
waliking,0,1
cartons,0,1
shelves,0,1
08714712379,1,0
distance,0,2
freak,0,3
mirror,0,1
turning,0,2
youre,0,2
09065069120,1,0
k718,1,0
ref,3,0
jod,0,1
keris,0,1
smidgin,0,1
belive,0,2
intentions,0,1
slots,0,2
accordin,0,1
discussed,0,2
knocking,0,1
abel,0,1
air1,0,1
aphex,0,1
braindance,0,1
como,0,1
hav2hear,0,1
hilarious,0,1
listened2the,0,1
ofstuff,0,1
plaid,0,1
nelson,0,1
temp,0,1
unmits,0,1
display,0,2
newspapers,0,1
soup,0,2
yummmm,0,1
management,0,3
puzzeles,0,1
include,1,1
4goten,1,0
prem,1,0
regular,1,2
scammers,1,0
09099726481,1,0
2morro,1,0
dena,1,0
passion,1,0
spoiled,0,1
09065069154,1,0
r836,1,0
complaint,0,2
raised,0,1
sales,0,2
shifad,0,1
threats,0,2
doctors,0,1
lounge,1,1
reminds,0,1
lk,0,2
role,0,3
bcs,0,1
comfort,0,2
lov,0,1
tolerat,0,1
checked,0,5
300p,2,0
splashmobile,1,0
subscrition,1,0
dust,0,1
01223585334,2,0
2c,2,0
2end,2,0
8552,2,0
shagged,2,0
u4,3,0
88877,1,0
3pound,1,0
88066,2,0
watchin,0,1
meaningless,0,1
brdget,0,1
jones,0,1
inever,0,1
700,0,2
bedrm,0,1
hype,0,1
studio,0,1
unable,1,3
waited,0,2
velly,0,1
huge,0,1
marking,0,1
wkend,0,2
letters,0,2
mids,0,2
2stoptx,1,0
oranges,1,0
upd8,1,0
annie,0,1
remind,0,3
08718738034,1,0
09056242159,2,0
21870000,2,0
mailbox,2,0
messaging,2,0
retrieve,2,0
va,0,1
hrishi,0,2
hanger,0,1
nothin,0,1
cheer,0,3
poem,0,2
tear,0,4
008704050406,2,0
arrow,1,0
cornwall,2,1
duchess,2,0
bags,0,1
blanket,0,1
08718726971,1,0
dozens,1,0
emc1,1,0
prizeswith,1,0
tddnewsletter,1,0
thedailydraw,1,0
significant,0,1
hum,0,1
jeetey,0,1
jo,0,1
kisi,0,1
ko,0,1
kuch,0,1
milta,0,1
nahi,0,1
naseeb,0,1
pehle,0,1
sochte,0,1
waqt,0,1
wo,0,1
zindgi,0,1
zyada,0,1
worse,0,3
stalking,0,1
dan,0,1
reminded,0,1
elaya,0,1
varaya,0,1
09066368753,1,0
97n7qp,1,0
anand,0,1
beach,0,1
expected,0,1
aww,0,2
iscoming,1,1
jez,0,1
todo,0,1
whilltake,0,1
workand,0,1
staring,0,1
zogtorius,0,1
financial,0,1
alian,0,1
hv9d,1,0
or2optout,1,0
century,0,1
cm,0,1
frwd,0,1
posible,0,1
affectionate,0,1
unnecessarily,0,1
sorts,0,1
80082,2,0
buddys,1,0
restrictions,1,0
08712402902,1,0
owned,0,1
possessive,0,1
clarification,0,1
08701417012150p,1,0
halloween,2,0
spook,2,0
issue,0,3
weigh,0,2
250k,2,0
88088,2,0
active,2,0
fantasy,4,0
football,2,2
gamestar,2,0
scoring,2,0
sky,2,1
coimbatore,0,1
0871212025016,1,0
expired,1,1
monoc,1,0
monos,1,0
polyc,1,0
stream,1,0
categories,0,1
census,0,1
ethnicity,0,1
measure,0,2
opinions,1,1
transcribing,0,1
2gthr,0,1
aproach,0,1
drinking,0,2
dt,0,1
evrydy,0,1
gv,0,1
happily,0,1
instantly,1,1
lived,0,1
lttrs,0,1
lv,0,1
propsd,0,1
speeding,0,1
thm,0,2
threw,0,1
thy,0,1
truck,0,1
wn,0,1
paragon,0,1
arent,0,2
cakes,0,1
bluff,0,2
impossible,0,2
draws,1,0
asusual,0,1
cheered,0,1
franyxxxxx,0,1
goodmate,0,1
sary,0,2
batt,0,1
added,0,2
pussy,0,3
09058098002,1,0
becausethey,1,0
pobox1,1,0
w14rg,1,0
happend,0,4
responce,0,3
piece,0,2
brandy,0,2
dhina,0,2
gin,0,2
kudi,0,2
rum,0,2
scotch,0,2
shampain,0,2
vaazhthukkal,0,2
vodka,0,3
wiskey,0,2
yarasu,0,2
gained,0,1
kg,0,2
limits,0,1
pressure,0,1
sugar,0,3
dumb,0,1
thangam,0,3
doke,0,1
dressed,0,2
laying,0,1
okey,0,1
kills,0,2
neshanth,0,1
byatch,0,1
whassup,0,1
kay,0,2
cl,0,1
roger,0,3
4msgs,1,0
filthyguys,1,0
nasty,1,1
slo,1,0
chiong,0,1
wasted,0,1
christ,0,1
dialogue,0,1
reltnship,0,1
tears,0,2
wipe,0,1
brilliant,0,5
cooking,0,4
gardener,0,3
maid,0,6
murdered,0,6
murderer,0,6
neighbour,0,3
police,0,3
questioned,0,3
solve,0,4
vegetables,0,3
comb,0,1
dryer,0,1
pose,0,1
fps,0,1
computational,0,1
push,0,2
science,0,2
answered,0,2
disturbance,0,1
dlf,0,1
madam,0,2
premarica,0,1
rgds,1,1
220cm2,1,0
gotto,1,0
settle,0,3
8pm,1,1
err,0,1
bloo,0,1
hitter,0,1
anjola,0,1
offline,0,1
asjesus,1,0
wrote,1,0
blocked,0,1
budget,0,5
citizen,0,1
corrupt,0,1
crore,0,1
deposited,0,1
directors,0,1
imf,0,1
indians,0,1
itna,0,1
jobs,0,1
karo,0,1
ki,0,1
lac,0,1
lane,0,1
padhe,0,1
politicians,0,1
projects,0,1
pura,0,1
rights,0,1
suply,0,1
swiss,0,1
taxless,0,1
particularly,0,1
slowing,0,1
torrents,0,1
commit,0,1
random,0,4
83370,1,0
trivia,1,0
rightio,0,1
brum,0,1
donno,0,1
scorable,0,1
paranoid,0,1
brin,0,1
properly,0,1
sheet,0,1
bettr,0,1
bsnl,0,1
complain,0,1
offc,0,1
payed,0,1
suganya,0,1
dessert,0,1
abeg,0,1
sponsors,0,1
onum,0,1
imagination,0,1
poet,0,1
rr,0,1
famamus,0,1
630,0,1
sry,0,1
furniture,0,2
jenne,0,1
key,0,3
lock,0,1
locks,0,1
barcelona,0,1
easiest,0,1
ru,0,4
sppok,1,0
09066612661,3,0
2px,1,0
complementary,1,0
wa14,1,0
jungle,0,1
pansy,0,1
kanji,0,1
srs,0,1
drizzling,0,1
appointments,0,1
shoving,0,1
papers,0,2
excused,0,1
greetings,0,3
drama,0,1
ego,0,1
necessity,0,1
reppurcussions,0,1
strange,0,1
struggling,0,1
cosign,0,1
released,1,2
09061701444,1,0
acl03530150pm,2,0
hvae,1,0
freshers,0,1
hcl,0,1
indyarocks,0,1
requires,0,1
suman,0,1
telephonic,0,1
dai,0,2
resume,0,1
bids,1,1
cars,0,3
reliant,0,1
afford,0,1
fwiw,0,1
happens,0,6
maga,0,3
whr,0,2
arrival,0,1
sq825,0,1
citylink,0,1
yunny,0,2
er,0,2
props,0,1
pleasant,0,1
statements,0,1
14tcr,1,0
6230,1,0
83383,2,0
pobox114,1,0
bognor,0,1
splendid,0,1
ktv,0,1
misplaced,0,1
computers,0,1
mmmmm,0,2
medicine,0,2
begun,0,1
permanent,0,1
registration,0,1
residency,0,1
plenty,0,5
benefits,0,1
deliver,0,2
relatives,0,1
risks,0,1
accumulation,0,1
predicting,0,1
programs,0,1
belongs,0,1
concern,0,1
fated,0,1
fuelled,0,1
grief,0,1
incident,0,3
prior,0,1
shoranur,0,1
violence,0,1
environment,0,1
terrific,0,1
text82228,1,0
txt82228,1,0
burnt,0,1
honestly,0,1
promptly,0,1
advice,0,2
08704050406,1,0
80122300p,1,0
quizclub,1,0
rwm,1,0
snap,1,0
connected,1,0
gmw,1,0
someplace,0,1
goods,0,1
pressies,0,1
dr,0,2
superior,0,2
achieve,0,1
korli,0,1
motive,0,1
tor,0,1
tui,0,1
ultimately,0,1
dabbles,0,1
dock,0,1
flute,0,1
newscaster,0,1
rolled,0,1
wheel,0,1
amazing,2,1
keyword,1,0
picsfree1,1,0
vid,1,0
ruin,0,1
erm,0,2
october,0,1
the4th,0,1
83435,1,0
aspects,0,1
elaborating,0,1
issues,2,2
safety,0,1
85555,1,0
tarot,1,0
conform,0,2
department,0,1
hr,0,2
3lp,3,0
horniest,1,0
instructions,2,0
bc,0,2
cysts,0,1
developed,0,1
flow,0,1
ovarian,0,1
shrink,0,1
grams,0,1
upping,0,1
timin,0,1
apes,0,1
death,0,3
hp,0,1
ibm,0,1
toshiba,0,1
gosh,0,1
spose,0,1
rimac,0,1
arestaurant,0,1
dosomething,0,1
squid,0,1
dabooks,0,1
hrs,1,4
wrk,0,1
eachother,0,1
luckily,0,1
starring,0,1
restocked,0,1
knock,1,0
stoptxtstop,1,0
tkls,1,0
innocent,0,1
mental,0,1
bills,0,1
challenging,0,1
hoped,0,2
smoothly,0,1
2marrow,0,2
hon,0,3
breakfast,0,1
hamper,0,1
cc100p,1,0
reality,2,1
0870737910216yrs,1,0
unni,0,1
dramastorm,0,1
lacking,0,1
particular,0,1
forfeit,0,1
coupla,0,1
digi,0,1
fab,0,1
treated,0,2
wks,0,1
077xxx,1,0
09066362206,1,0
sundayish,0,1
prasad,0,1
bang,0,2
battle,0,1
kochi,0,1
rcb,0,1
tiwary,0,2
cancer,0,3
checkup,0,1
pap,0,1
smear,0,1
arts,0,1
gobi,0,1
4w,0,1
pandy,0,1
technologies,0,1
argentina,0,1
edu,0,2
olowoyey,0,1
secretary,0,1
usc,0,3
lool,0,1
massage,0,1
pos,0,1
taxt,0,1
tie,0,1
dollar,0,1
pull,0,1
spending,0,3
booty,0,1
shaking,0,1
lil,0,2
scarcasim,0,1
eruku,0,1
naal,0,1
5wq,1,0
w4,1,0
bro,0,3
bros,0,3
remains,0,2
impressively,0,1
sensible,0,1
69696,2,0
response,1,1
nalla,0,2
obedient,0,1
combination,0,1
ft,0,1
needy,0,1
pouts,0,1
stomps,0,1
northampton,0,1
abj,0,2
serving,0,2
playng,0,1
ab,1,0
jorge,1,0
mcfly,1,0
sara,1,0
smith,1,1
anna,0,2
nagar,0,2
yupz,0,1
der,0,1
ericson,0,1
luks,0,1
modl,0,1
cheesy,0,1
frosty,0,1
witin,0,1
0870141701216,1,0
120p,1,0
fans,1,0
sports,1,1
09050000555,1,0
10th,1,0
ba128nnfwfly150ppm,1,0
sept,3,0
nudist,0,1
shirts,0,2
themed,0,1
petrol,0,2
pump,0,1
evr,0,2
feb,1,4
ignore,1,3
hugs,0,1
signal,0,1
snogs,0,1
unusual,0,1
palm,0,1
west,0,1
handing,0,1
printing,0,1
83021,1,0
fastest,2,0
growing,2,0
uks,3,0
chase,0,1
stated,0,1
2stoptxt,2,0
tariffs,4,0
dd,0,1
perpetual,0,1
steam,0,2
flung,0,1
pract,0,1
reg,0,2
govt,0,3
instituitions,0,3
public,0,3
brains,0,1
justbeen,0,1
mush,0,1
overa,0,1
tunde,0,1
missions,0,1
20m12aq,1,0
canary,1,0
luxury,1,1
eh74rr,1,0
sleepy,0,2
dare,0,2
ben,0,2
avo,0,1
mag,0,1
middle,0,1
crashed,0,1
cuddled,0,1
chachi,0,1
kanagu,0,1
pl,0,1
tiz,0,1
prices,0,1
brats,0,1
houseful,0,1
pulling,0,1
ringing,0,1
diwali,0,2
tick,0,1
onion,0,2
abusers,0,1
derp,0,1
lipo,0,1
netflix,0,1
clash,0,1
thgt,0,2
arr,0,1
oscar,0,1
firefox,0,1
lower,0,2
rebtel,0,1
69969,1,0
bcmsfwc1n3xx,1,0
funs,0,1
impressed,0,1
coca,1,0
cola,1,0
footy,1,0
large,1,0
stadium,1,0
dark,1,2
teenager,1,0
exhaust,0,1
replacing,0,1
mittelschmertz,0,1
paracetamol,0,1
pee,0,1
arrived,0,1
conclusion,0,1
contents,0,1
cthen,0,1
enuff,0,2
references,0,1
success,0,1
08715203028,1,0
9th,1,0
instant,1,0
rugby,0,1
affidavit,0,1
courtroom,0,1
division,0,2
twiggs,0,1
creep,0,1
golden,0,1
lies,0,1
possessiveness,0,1
poured,0,1
showers,0,1
lasting,0,1
breathe1,1,0
crazyin,1,0
finest,1,0
mobs,1,0
pobox365o4w45wq,1,0
sleepingwith,1,0
ymca,1,0
weiyi,0,1
wtc,0,1
property,0,1
505060,1,0
flowers,1,0
interflora,1,0
paining,0,1
teeth,0,2
outgoing,1,0
presence,1,0
romcapspam,1,0
maggi,0,1
mee,0,1
08712103738,1,0
cough,0,1
09058099801,2,0
7876150ppm,2,0
b4190604,2,0
bbd,0,1
pimples,0,1
pooja,0,1
sweatter,0,1
ambitious,0,1
miiiiiiissssssssss,0,1
tunji,0,1
6missed,0,1
frndz,0,1
iz,0,2
misscall,0,1
yellow,0,1
88888,1,0
frog,1,0
mad1,1,0
mad2,1,0
tall,0,1
doubt,0,1
handle,0,1
avenge,0,1
note,0,2
robs,0,1
japanese,0,1
proverb,0,1
strike,0,2
choices,0,1
coin,0,1
gudni8,0,1
toss,0,1
dancin,0,1
explicitly,0,1
nora,0,1
gayle,0,1
crucify,0,1
butting,0,1
freedom,0,1
moved,0,3
vs,0,1
cedar,0,1
durham,0,1
reserved,0,1
seat,0,2
69855,1,0
porn,3,0
sf,1,0
stopbcm,1,0
painting,0,2
wall,0,1
groovy,0,1
groovying,0,1
printer,0,1
acnt,0,1
harish,0,1
transfred,0,1
nowadays,0,2
shaping,0,1
showrooms,0,1
attending,0,1
talks,0,1
doinat,0,1
probs,0,2
callon,0,1
swatch,0,2
dress,0,2
ganesh,0,2
pdate_now,1,0
yhl,1,0
collecting,0,3
configure,0,1
trips,0,1
anal,0,1
pears,0,1
helloooo,0,1
welcomes,0,1
celebrate,0,2
oooooh,0,1
09058094454,1,0
54,2,0
expiry,1,0
resubmit,1,0
2geva,0,1
mint,0,1
humans,0,1
studyn,0,1
everyboy,0,1
wuld,0,1
xxxxxxxx,0,1
1thing,0,1
answr,0,1
solved,0,2
flaked,0,2
liquor,0,1
loko,0,1
730,0,1
lined,0,1
ing,0,2
laughs,0,1
tm,0,3
fireplace,0,1
icon,0,1
08712400200,1,0
fifth,0,1
weasels,0,1
woozles,0,1
08718723815,1,0
gary,0,2
machines,0,1
fucks,0,1
sake,0,1
ignorant,0,1
mys,0,1
bruce,0,1
downs,0,1
fletcher,0,1
08714714011,1,0
teaching,0,2
bowls,0,1
cozy,0,1
buzzzz,0,1
chest,0,1
shake,0,1
vibrator,0,1
brief,0,1
cons,0,1
covers,0,2
description,0,1
fusion,0,1
history,0,2
iter,0,1
jet,0,1
nuclear,0,1
pros,0,1
trends,0,1
doesdiscount,0,1
ikno,0,1
shitinnit,0,1
abi,0,3
jabo,0,1
maniac,1,0
slower,1,0
agidhane,0,1
chinnu,0,1
hogidhe,0,1
manege,0,1
sapna,0,1
swalpa,0,1
crckt,0,1
footbl,0,1
swell,0,1
bollox,0,1
tim,0,1
tol,0,1
hang,0,2
ingredients,0,1
bell,0,1
pocy,0,1
non,0,1
4qf2,1,0
senor,0,1
giggle,0,1
nvq,0,1
person2die,0,1
possibly,0,1
professional,1,0
tiger,1,0
woods,1,0
reboot,0,1
grinder,0,1
pt2,1,0
buyers,0,1
figuring,0,1
entirely,0,1
understood,0,2
disconnected,0,1
phoned,0,1
matters,0,1
offcampus,0,1
onluy,0,1
improved,2,0
riley,0,1
ew,0,1
wesley,0,1
lingo,0,1
400mins,1,0
j5q,1,0
hm,0,2
2exit,1,0
69200,1,0
chrgd,1,0
salon,0,2
afternoons,0,1
approaching,0,1
childrens,0,1
dasara,0,1
evenings,0,2
festival,0,1
fools,0,1
independence,0,1
mornings,0,1
raj,0,1
rememberi,0,1
republic,0,1
sankranti,0,1
shivratri,0,1
teachers,0,1
ugadi,0,1
daywith,0,1
greeting,0,1
joys,0,1
lifeis,0,1
somewheresomeone,0,1
tosend,0,1
selflessness,0,1
initiate,0,1
tallent,0,1
wasting,0,1
payment,0,2
portal,0,1
t4get2text,0,1
lennon,0,1
bothering,0,1
clearing,0,2
crab,0,1
dwn,0,1
footprints,0,1
fox,0,1
frndsship,0,1
shore,0,2
waves,0,1
slaaaaave,0,1
summon,0,1
33,0,1
appendix,0,1
changes,0,1
range,0,2
slob,0,1
smiled,0,1
topic,0,1
webpage,0,1
yeesh,0,1
gotbabes,1,0
hunks,1,0
subscriptions,1,0
unsubscribed,1,0
admin,0,1
gopalettan,0,1
participate,0,1
08712400603,1,0
abroad,1,0
stopcost,1,0
visionsms,1,0
xxsp,1,0
agent,1,0
goodies,1,0
mat,1,0
ay,0,1
andros,0,2
steal,0,1
isaiah,0,1
meets,0,1
foot,0,2
penis,0,2
expert,0,1
sigh,0,1
thinl,0,1
importantly,0,1
tightly,0,1
alwa,0,1
books,0,2
eveb,0,1
fal,0,1
fals,0,1
madodu,0,1
nammanna,0,1
nav,0,1
pretsorginta,0,1
pretsovru,0,1
vth,0,1
wnevr,0,1
yen,0,1
window,0,1
lord,1,0
rings,1,0
soundtrack,1,0
stdtxtrate,1,0
pc1323,0,1
phyhcmk,0,1
sg,0,1
emigrated,0,1
hopeful,0,1
olol,0,1
hill,0,2
stagwood,0,1
victors,0,1
winterstone,0,1
jp,0,1
mofo,0,1
enketa,0,1
maraikara,0,1
pathaya,0,1
priest,0,1
reserves,0,1
intrude,0,1
walkabout,0,1
announced,0,1
blog,0,1
cashed,0,1
08708034412,1,0
28th,1,0
removal,1,0
prove,0,3
blow,1,1
footie,0,1
neville,0,1
phil,0,1
abbey,0,1
returning,0,1
knowing,0,2
punj,0,1
200p,1,0
classic,1,0
str8,1,0
cancelled,0,1
sacked,0,1
thurs,2,3
32323,1,0
35p,1,0
clip,1,0
lookatme,1,0
mmsto,1,0
barred,0,1
decking,0,1
dungerees,0,1
punch,0,1
twat,0,1
mentionned,0,1
vat,1,0
planned,0,2
agalla,0,1
eerulli,0,1
grl,0,1
hogli,0,1
hogolo,0,1
kodstini,0,1
kodthini,0,1
madstini,0,1
mutai,0,1
illspeak,0,1
messed,0,1
neway,0,2
shudvetold,0,1
thasa,0,1
u2moro,0,1
urgran,0,1
countinlots,0,1
gr8fun,0,1
likeyour,0,1
mecause,0,1
okden,0,1
tex,0,1
uin,0,1
updat,0,1
werebored,0,1
xxxxx,1,1
count,0,2
tagged,0,1
challenge,0,1
casing,0,1
hdd,0,1
opened,0,1
08718725756,1,0
09053750005,1,0
140ppm,1,0
310303,1,0
asus,0,1
randomly,0,1
reformat,0,1
otside,0,1
plumbers,0,1
tape,0,3
wrench,0,1
bcum,0,1
films,2,1
appeal,0,1
director,0,1
thriller,0,1
elephant,0,1
shove,0,1
size,0,1
um,0,1
cr,0,1
pookie,0,1
wouldn,0,2
nri,0,1
08712101358,1,0
x2,0,1
deserve,0,1
tight,0,1
lick,0,3
diddy,0,1
neighbor,0,1
toothpaste,0,1
av,0,1
everyday,0,2
poking,0,1
curious,0,2
coccooning,0,1
auto,0,2
mus,0,1
1im,0,1
newquay,0,1
postcard,0,2
talkin,0,1
bread,0,1
windy,0,1
09066358361,1,0
y87,1,0
mahal,0,2
tirunelvai,0,1
dusk,0,1
puzzles,0,1
09065989180,1,0
x29,1,0
phews,0,1
stairs,0,1
luvs,0,1
praying,0,2
relation,0,1
earning,0,1
recycling,0,1
toledo,0,1
ding,0,1
feng,0,1
reservations,0,1
tai,0,1
allowed,0,1
swimsuit,0,1
necessary,0,1
shared,0,2
watever,0,1
frndshp,0,1
hug,0,3
lik,0,2
luvd,0,1
squeeeeeze,0,1
asks,0,3
arise,0,1
aroundn,0,1
disasters,0,1
erupt,0,1
hurricanes,0,1
sway,0,1
volcanoes,0,1
lighters,0,1
lasagna,0,1
chickened,0,1
messaged,0,2
woould,0,1
08718726978,1,0
deus,0,1
300,4,0
3510i,3,0
44,1,0
7732584351,1,0
deliveredtomorrow,2,0
broad,0,1
canal,0,1
spile,0,1
tap,0,1
engin,0,1
edge,0,2
bhayandar,0,1
east,0,1
peripherals,0,1
raviyog,0,1
howard,0,2
sunoco,0,1
musical,0,1
leftovers,0,1
plate,0,1
cooked,0,1
starving,0,1
cheat,0,1
fatty,0,1
badrith,0,1
owe,0,1
checkin,0,1
armenia,0,1
block,0,1
swann,0,1
09058097189,1,0
09061221066,2,0
fromm,2,0
1120,0,1
1205,0,1
330,0,1
justify,0,1
ruining,0,1
smoking,0,3
wylie,0,1
meds,0,2
hunt,0,1
in2,0,2
1131,1,0
5226,1,0
hava,1,0
adrian,1,0
rct,1,0
thnq,1,0
vatian,1,0
babysitting,0,1
everyones,0,1
aboutas,0,1
asthere,0,1
breakin,0,1
buttheres,0,1
gonnamissu,0,1
merememberin,0,1
ofsi,0,1
yaxx,0,1
bajarangabali,0,1
dodda,0,1
ee,0,1
hanuman,0,1
hanumanji,0,1
idu,0,1
inde,0,1
ivatte,0,1
janarige,0,1
kalisidare,0,1
keluviri,0,1
mahaveer,0,1
maretare,0,1
maruti,0,1
matra,0,1
nalli,0,1
neglet,0,1
odalebeku,0,1
olage,0,1
ondu,0,1
pavanaputra,0,1
poortiyagi,0,1
problum,0,1
ramaduth,0,1
sankatmochan,0,1
siguviri,0,1
easily,0,1
ijust,0,1
talked,0,1
opps,0,1
dl,0,1
gei,0,1
tron,0,1
selfish,0,1
spiffing,0,1
workage,0,1
craving,0,1
babysit,0,1
supose,0,1
embassy,0,1
spaces,0,1
checkboxes,0,1
custom,0,1
lightly,0,1
batsman,0,1
sac,0,1
yetty,0,1
jiayin,0,1
09050000928,1,0
pobox45w2tg150p,2,0
forgotten,0,1
cheating,0,1
mathematics,0,1
reverse,0,1
2waxsto,0,1
basic,0,2
emailed,0,1
yifeng,0,1
slurp,0,1
3miles,0,1
minimum,0,1
barolla,0,1
brainless,0,1
doll,0,1
madoke,0,1
sariyag,0,1
vehicle,0,1
07090201529,1,0
postponed,0,1
stocked,0,1
elaine,0,1
tiime,0,1
afternon,0,1
interviews,0,1
resizing,0,1
09066364349,1,0
box434sk38wp150ppm18,1,0
drunken,0,1
opposed,0,1
08081263000,1,0
83332,1,0
billed,1,0
refunded,1,0
shortcode,1,0
somerset,0,1
nigpun,0,1
overtime,0,1
dismissial,0,1
screwd,0,1
08712402972,1,0
bull,0,1
floating,0,1
mess,0,1
09058095201,1,0
heehee,0,1
arithmetic,0,1
percentages,0,1
chillaxin,0,1
crisis,0,1
das,0,1
iknow,0,1
peril,0,1
studentfinancial,0,1
wellda,0,1
monster,0,1
____,0,2
ias,0,2
ths,0,2
obey,0,1
uhhhhrmm,0,1
mb,0,1
400,2,0
600,1,0
deltomorrow,1,0
09066368470,1,0
24m,1,0
08448714184,1,0
68866,1,0
landlineonly,1,0
smartcall,1,0
subscriptn3gbp,1,0
callback,1,0
mths,2,0
orno,1,0
09099726553,1,0
carlie,1,0
fink,1,0
lkpobox177hp51fl,1,0
minmobsmore,1,0
promised,1,0
athome,0,1
youphone,0,1
youwanna,0,1
helpful,0,1
hypotheticalhuagauahahuagahyuhagga,0,1
jack,0,1
pretend,0,1
brainy,0,1
affections,0,1
celebrated,0,1
desires,0,1
occasion,0,1
reflection,0,1
traditions,0,1
values,0,1
anythingtomorrow,0,1
aretaking,0,1
cantdo,0,1
katexxx,0,1
myparents,0,1
outfor,0,1
level,0,1
gate,0,1
89105,1,0
bridal,1,0
lingerie,1,0
petticoatdreams,1,0
wedding,1,1
weddingfriend,1,0
board,0,1
inst,0,1
overheating,0,1
reslove,0,1
western,0,1
outta,0,1
amplikater,0,1
atrocious,0,1
bambling,0,1
champlaxigating,0,1
entropication,0,1
fidalfication,0,1
junna,0,1
laxinorficated,0,1
masteriastering,0,1
notixiquating,0,1
oblisingately,0,1
opted,0,1
wotz,0,1
01223585236,1,0
knickers,1,0
nikiyu4,1,0
a30,0,1
accident,0,1
divert,0,1
wadebridge,0,1
1030,0,1
orc,0,1
vill,0,1
447797706009,2,0
bloomberg,2,0
careers,2,0
seeking,0,1
priscilla,0,1
wisdom,0,3
inform,0,3
wherre,0,1
phone750,1,0
frank,0,1
resolution,0,1
logoff,0,1
kent,0,2
parkin,0,1
vale,0,2
asa,0,1
cann,0,1
09050000878,1,0
83049,2,0
unbreakable,2,0
unkempt,2,0
untamed,2,0
wan2,2,0
westlife,2,0
charming,0,1
prince,0,1
mention,0,1
served,0,1
arnt,0,1
xxxxxxxxxxxxxx,0,1
cdgt,2,0
dorothy,1,0
explosive,2,0
granite,2,0
kiefer,1,0
nasdaq,2,0
symbol,2,1
allalo,0,1
alle,0,1
eppolum,0,1
mone,0,1
fundamentals,0,1
1mega,0,1
3optical,0,1
5digital,0,1
dooms,0,1
pixels,0,1
js,0,1
noi,0,1
burgundy,0,1
captaining,0,1
base,0,2
amrita,0,1
placement,0,1
bpo,0,1
profile,0,1
nighters,0,1
persevered,0,1
regretted,0,1
4give,0,1
pmt,0,1
shldxxxx,0,1
spouse,0,1
sumthin,0,2
scenario,0,1
2mwen,0,1
fonin,0,1
frmcloud,0,1
nytho,0,1
spun,0,1
tx,0,1
wrld,0,1
09071517866,1,0
150ppmpobox10183bhamb64xe,1,0
pounded,0,1
devouring,0,1
lion,0,2
airtel,0,1
broadband,0,1
installation,0,1
processed,0,1
tensed,0,1
coughing,0,1
prolly,0,2
sprint,0,1
warned,0,1
gower,0,1
morrow,0,1
08701752560,1,0
450p,1,0
69669,1,0
9yt,1,0
chik,1,0
e14,1,0
filth,1,0
saristar,1,0
stop2,1,0
420,0,1
1st4terms,1,0
9061100010,1,0
mobcudb,1,0
wire3,1,0
sabarish,0,1
jaya,0,2
09050000460,1,0
box245c2150pm,1,0
j89,1,0
flea,0,1
forums,0,2
inpersonation,0,1
banneduk,1,0
71,1,0
highest,1,0
maximum,1,0
arises,0,1
facts,0,1
hari,0,1
known,0,1
lesser,0,1
mumtaz,0,1
shahjahan,0,1
taj,0,1
wifes,0,1
69101,1,0
rtf,1,0
sphosting,1,0
geting,0,1
webadres,0,1
18p,1,0
incredible,1,0
o2fwd,1,0
ship,0,1
maturity,0,1
confirmed,0,2
passport,0,1
independently,0,1
multiply,0,1
showed,0,1
twins,0,1
02085076972,1,0
ltdhelpdesk,1,0
strt,1,0
cyclists,0,1
equally,0,1
pesky,0,1
uneventful,0,1
adi,0,1
entey,0,1
kittum,0,1
nattil,0,1
kavalan,0,1
hire,0,1
hitman,0,1
09066660100,1,0
2309,1,0
causing,0,1
conserve,0,1
cps,0,1
outages,0,1
voted,0,1
epi,0,1
bare,0,1
bhaskar,0,1
dubsack,0,2
gong,0,1
kaypoh,0,1
basketball,0,1
outdoors,0,1
interfued,0,1
macho,0,2
blank,0,2
listed,0,1
apology,0,1
audition,0,2
forth,0,1
harlem,0,1
hustle,0,1
fats,0,1
workout,0,1
zac,0,1
tonights,1,0
hui,0,1
lib,0,1
xin,0,1
difference,0,1
versus,0,1
underdtand,0,1
locaxx,0,1
muchxxlove,0,1
07090298926,1,0
9307622,1,0
bandages,0,1
despite,0,2
skateboarding,0,1
thrown,0,1
winds,0,1
1146,1,0
gbp4,1,0
html,1,0
mfl,1,0
fell,0,1
hectic,0,1
swoop,0,1
doggin,1,0
dogs,1,0
wamma,1,0
langport,0,2
virtual,0,1
apnt,0,1
senthil,0,2
pants,0,1
go2sri,0,1
lanka,0,1
forevr,0,2
gudnyt,0,1
merely,0,1
relationship,0,1
wherevr,0,1
mistakes,0,1
plum,0,1
smacks,0,1
50s,0,1
alot,0,1
formatting,0,1
attracts,0,1
8714714,1,0
promotion,1,0
vegas,0,1
lancaster,0,1
lou,0,1
soc,0,1
advising,0,1
bsn,0,1
lobby,0,1
showered,0,1
texted,0,1
ything,0,1
lubly,0,1
vewy,0,1
087147123779am,1,0
catches,0,1
domain,0,1
nusstu,0,1
specify,0,1
bari,0,1
ertini,0,1
hudgi,0,1
pataistha,0,1
yorge,0,1
hasbro,0,1
hoops,0,1
jump,0,1
ummifying,0,1
associate,0,1
rip,0,1
uterus,0,1
jacuzzi,0,1
pool,0,2
09065989182,2,0
txtstar,1,0
x49,2,0
2nights,1,0
uve,1,0
wildest,1,0
aldrine,0,1
rtm,0,1
sources,0,1
unhappiness,0,1
4wrd,0,1
colleg,0,1
espe,0,1
events,0,1
functions,0,1
irritated,0,1
necesity,0,1
takecare,0,1
witout,0,1
wth,0,1
wthout,0,1
univ,0,1
burrito,0,1
rajas,0,1
cnn,0,1
confirmd,0,1
disconnect,0,1
ibn,0,1
terrorist,0,1
verified,0,1
stitch,0,1
trouser,0,1
146tf150p,1,0
cheetos,0,1
shangela,0,1
synced,0,1
goodfriend,0,1
hppnss,0,1
sorrow,0,1
08704439680,1,0
passes,1,0
poo,0,1
gloucesterroad,0,1
uup,0,1
ouch,0,1
stayed,0,1
forgiveness,0,1
fruit,0,1
stone,0,1
glo,0,1
09058095107,1,0
s3xy,1,0
eaten,0,2
wlcome,0,1
timi,0,1
30pp,1,0
5free,1,0
69866,1,0
age23,1,0
blonde,1,0
help08718728876,1,0
increments,1,0
mila,1,0
mtalk,1,0
1stone,0,1
atlast,0,1
fishrman,0,1
sack,0,1
stones,0,1
strtd,0,1
throwin,0,1
08717895698,1,0
mobstorequiz10ppm,1,0
physics,0,1
delicious,0,1
praveesh,0,1
beers,0,1
desert,0,1
salad,0,1
whore,0,1
funk,1,0
tones2u,1,0
08712466669,1,0
jocks,1,0
nat,1,0
scallies,1,0
skins,1,0
twinks,1,0
flood,0,1
beads,0,1
nitro,0,1
section,0,1
wishlist,0,1
sold,0,1
creative,0,1
getiing,0,1
reffering,0,1
brownies,0,1
weirdy,0,1
09061701851,1,0
12hours,1,0
k61,1,0
restrict,0,1
funeral,0,1
vivek,0,1
74355,1,0
tnc,1,0
brah,0,2
possession,0,1
greece,0,1
passwords,0,1
protect,0,1
sensitive,0,1
sib,0,1
recorded,0,1
someday,0,1
grandfather,0,1
09061104276,1,0
75max,1,0
blu,1,0
concert,1,0
november,1,0
spot,0,1
yuou,0,1
ipad,0,1
bunch,0,1
lotto,0,1
bird,0,2
purchases,0,1
authorise,0,1
45pm,0,1
gimmi,0,1
goss,0,1
ystrday,0,1
chile,0,1
subletting,0,1
ammae,0,1
steering,0,1
sleeps,0,1
required,0,1
rounder,0,1
batchlor,0,1
ji,0,1
lambu,0,1
zoom,0,1
08717890890,1,0
62220cncl,1,0
stopcs,1,0
cheese,0,2
0430,1,0
1b6a5ecef91ff9,1,0
37819,1,0
index,1,0
jul,1,0
tms,1,0
true18,1,0
widelive,1,0
wml,1,0
chg,1,0
cst,1,0
xafter,1,0
enemies,0,1
hearted,0,1
pure,0,1
smiley,0,1
gail,0,1
yaxxx,0,1
theoretically,0,1
hooked,0,1
formally,0,1
multimedia,0,1
hsbc,0,1
accounting,0,1
agency,0,1
delayed,0,1
housing,0,1
renting,0,1
vague,0,1
nicky,0,1
presents,0,1
gumby,0,1
44345,1,0
alto18,1,0
asp,1,0
wave,1,0
sized,0,1
springs,0,1
tarpon,0,1
cab,0,1
steps,0,1
limited,0,1
hf8,1,0
09061702893,1,0
08719181259,1,0
26,1,0
radiator,0,1
proper,0,1
tongued,0,1
shorts,0,1
qi,0,1
suddenly,0,1
born,0,1
eek,0,2
flurries,0,1
melt,0,1
babygoodbye,1,0
dontcha,1,0
golddigger,1,0
pushbutton,1,0
real1,1,0
webeburnin,1,0
perform,0,1
cards,0,1
rebooting,0,1
nigh,0,1
cable,0,1
nooooooo,0,1
outage,0,1
sos,0,1
playin,0,1
guoyang,0,1
dengra,0,1
rahul,0,1
antelope,0,1
contention,0,1
fieldof,0,1
selfindependence,0,1
toplay,0,1
barkleys,1,0
gnarls,1,0
borderline,0,1
545,0,1
nightnight,0,1
possibility,0,1
grooved,0,1
affairs,0,2
mising,0,1
195,1,0
6669,1,0
secured,1,0
unsecured,1,0
eckankar,0,1
fakeye,0,1
lanre,0,1
3000,1,0
09061743386,1,0
degrees,0,1
heater,0,1
dodgey,0,1
674,1,0
asssssholeeee,0,1
seing,0,1
blokes,0,1
buddy,0,1
ceri,0,1
dreamz,0,1
rebel,0,1
84484,1,0
nationwide,0,1
newport,0,1
juliana,0,1
eta,0,1
nachos,0,1
dizzamn,0,1
suitemates,0,1
nimbomsons,0,1
continent,0,1
0871750,1,0
77,1,0
housewives,1,0
landlines,1,0
087104711148,1,0
emerging,0,1
fiend,0,1
hesitant,0,1
impede,0,1
400thousad,0,1
60,0,1
essay,0,1
nose,0,1
tram,0,1
vic,0,1
coherently,0,1
echo,1,0
triple,1,0
afew,0,1
cusoon,0,1
gran,0,1
honi,0,1
onlyfound,0,1
bx526,1,0
dial,1,0
california,0,1
southern,0,1
university,0,2
macleran,0,1
rayan,0,1
balls,0,1
mandara,0,1
olave,0,1
trishul,0,1
hoo,0,1
woo,0,1
panties,0,1
thout,0,1
09066364311,1,0
carlin,0,1
flatter,0,1
pints,0,1
literally,0,1
ciao,0,1
starve,0,1
impression,0,1
darkness,0,1
motivate,0,1
wknd,0,1
heltini,0,1
iyo,0,1
kothi,0,1
trusting,0,1
uttered,0,1
yalrigu,0,1
noice,0,1
esaplanade,0,1
08709501522,1,0
139,1,0
2wu,1,0
accessible,1,0
la3,1,0
occurs,0,1
enna,0,1
kalaachutaarama,0,1
prof,0,1
sem,0,1
student,0,1
coco,0,1
sporadically,0,1
09064017305,1,0
pobox75ldns7,1,0
38,1,0
kath,1,0
manchester,1,0
persolvo,1,0
tbs,1,0
burden,0,1
08717111821,1,0
noworriesloans,1,0
actual,0,1
harder,0,1
nbme,0,1
sickness,0,1
villa,1,0
sathya,0,1
gam,0,1
religiously,0,1
smash,0,1
heroes,1,0
tips,1,0
07973788240,1,0
08715203649,1,0
dealing,0,1
muhommad,0,1
penny,0,1
doc,0,2
fiting,0,1
load,0,1
mj,0,1
elaborate,0,1
unconvinced,0,1
willpower,0,1
absence,0,1
value,0,1
answerin,0,1
reasonable,0,1
evey,0,1
mnth,0,1
prin,0,1
08714342399,1,0
50rcvd,1,0
gigolo,1,0
gsoh,1,0
mens,1,0
mjzgroup,1,0
oncall,1,0
spam,1,0
ashwini,0,1
08707500020,1,0
09061790125,1,0
ukp,1,0
casting,0,1
skinny,0,1
thet,0,1
elections,0,1
116,0,1
amrca,0,1
camp,0,1
hlday,0,1
serena,0,1
prescribed,0,1
kappa,0,1
meatballs,0,1
approve,0,1
panalam,0,1
spjanuary,1,0
fortune,0,1
allday,0,1
piss,0,1
perf,0,1
outsider,0,1
receipts,0,1
98321561,0,1
familiar,0,1
depression,0,1
infact,0,1
band,1,0
simpsons,1,0
kip,0,1
shite,0,1
hont,0,1
amanda,1,0
regard,1,0
renewing,1,0
subject,1,0
upgrading,1,0
nannys,0,1
perspective,0,1
puts,0,1
conveying,0,1
debating,0,1
wtlp,1,0
guessing,0,1
jb,0,1
florida,0,1
hidden,0,1
royal,0,1
tog,0,1
TOTAL DOC,565,3614
