ID,text,user_name,date,lang,country,sentiment
1249067745787994112,All I can say about the coronavirus pandemic is the ignorant bastards who want to go out in groups against the advi‚Ä¶ https://t.co/G4F8PLQeNX,Brilaw6,Sat Apr 11 20:12:11 +0000 2020,en,None,negative
1249067747251752961,@JudgeJeanine @realDonaldTrump @MarshaBlackburn @DanCrenshawTX @HaririRobert A statistic no one is telling you abou‚Ä¶ https://t.co/BhaCCstVUS,Derek09329884,Sat Apr 11 20:12:12 +0000 2020,en,None,negative
1249067747587379200,"THE LATEST | COVID-19 The @scdhec reports 8 new deaths, 144 new cases as of Saturday in SC. https://t.co/kxICgMlxC5",FOX46News,Sat Apr 11 20:12:12 +0000 2020,en,None,negative
1249067747520032768,The New York Times Just Published Documents Showing Trump's COVID-19 Response Was Worse Than We Knew‚Ä¶ https://t.co/HmrluSF5Or,415holgate,Sat Apr 11 20:12:12 +0000 2020,en,None,negative
1249067751085391872,Coronavirus: How WHO Corruption Helped It Spread https://t.co/TqXwBu9KDG via @YouTube,AnthonyHungTun1,Sat Apr 11 20:12:13 +0000 2020,en,None,negative
1249067751752306691,"@moigovgh It wouldn‚Äôt have happen, if coronavirus was absence. That‚Äôs not the change we voted for .. we need more than this.",issah46159228,Sat Apr 11 20:12:13 +0000 2020,en,None,negative
1249067754105307142,He will never understand United even now he dividing is most important to Trump that‚Äôs the rule of winning.What he‚Ä¶ https://t.co/oI3uX0ONOZ,NCicilline,Sat Apr 11 20:12:13 +0000 2020,en,None,negative
1249067755124523009,Crazy. Almost how the constitution meant for it to be.,SadCarolinaFan,Sat Apr 11 20:12:14 +0000 2020,en,None,negative
1249067757527842820,"Recent research,however,suggests that coronavirus patients who are put on ventilators have low rates of survival.""I‚Ä¶ https://t.co/a7lxg1iifL",KosaraK,Sat Apr 11 20:12:14 +0000 2020,en,None,negative
1249067758534434816,Trump says Republicans would 'never' be elected again if it was easier to vote.,adriennerourke,Sat Apr 11 20:12:14 +0000 2020,en,None,negative
1249067757670465538,Heard of the @RNLI? Heard of Lifeguards? The Covid-19 lockdown has led to the loss our income. Please see reason an‚Ä¶ https://t.co/NveznMCjrk,TristanG95,Sat Apr 11 20:12:14 +0000 2020,en,None,negative
1249067759490740224,"Dr. Nicole Saphier: In coronavirus fight, politicians should stop telling doctors how to treat our patients‚Ä¶ https://t.co/T2lMqA5sVz",iElielSepulchro,Sat Apr 11 20:12:15 +0000 2020,en,None,negative
1249067761923428353,"Hospitals have considered a universal do-not-resuscitate order for all COVID-19 patients. #covid19
https://t.co/WpJ4zPuT7r",DRFamilyLaw,Sat Apr 11 20:12:15 +0000 2020,en,None,negative
1249067762288218112,"It‚Äôs called federalism, you dolt.",ruithoven,Sat Apr 11 20:12:15 +0000 2020,en,None,negative
1249067762179346433,"@JohnCornyn PLEASE make sure President Trump stands by his guns on this:  Sen. Dianne Feinstein, D-Calif., has urge‚Ä¶ https://t.co/nvuFOTj1Kk",jb299,Sat Apr 11 20:12:15 +0000 2020,en,None,negative
1249067766591651843,"I've been the only person out here wearing a mask. ‚òπÔ∏è
#socialdistancing #masks #masks4all #germs #virus #covid19‚Ä¶ https://t.co/tY4llR5sBs",Atheria,Sat Apr 11 20:12:16 +0000 2020,en,None,negative
1249067767010971648,"2 ‚Äúprofessional staff employees‚Äù have tested positive for the #coronavirus &amp; are quarantined at home, says‚Ä¶ https://t.co/LDYWpQiBHy",henrykleeKTVU,Sat Apr 11 20:12:16 +0000 2020,en,None,negative
1249067770513444865,Precisely the view of Labour right - Labour should cover up on #coronavirus for a Tory government which has condemn‚Ä¶ https://t.co/Y9XaUuPcJU,JohnRoss43,Sat Apr 11 20:12:17 +0000 2020,en,None,negative
1249067770723143680,This @WhiteHouse is corrupt https://t.co/E6bJ0r0YeQ,PatricioAuthor2,Sat Apr 11 20:12:17 +0000 2020,en,None,negative
1249067771599691778,"I'm normally a mild-mannered old lady, but Priti Patel can just fuck the fuck off and take her handprints with her",ladygeeke,Sat Apr 11 20:12:17 +0000 2020,en,None,negative
1249067774678368257,I'm gonna start calling Covid-19 the AMERICAN virus now because these damn Americans are stupid as fuck.,IsThatBearick,Sat Apr 11 20:12:18 +0000 2020,en,None,negative
1249067774544097288,"@RandPaul Trump‚Äôs lies, incompetence, failures (with the help of the Republican Party &amp; Fox News propaganda) litera‚Ä¶ https://t.co/iZWGfbCk02",USABeReady,Sat Apr 11 20:12:18 +0000 2020,en,None,negative
1249067783448494081,"I agree, Trump lies and spreads false info! Just show the parts with the doctors. Don't even bother with Pence!",cbond20464,Sat Apr 11 20:12:20 +0000 2020,en,None,negative
1249067783679176705,"Wow, two days in a row where someone who is usually a complete buffoon has a perfectly reasonable and logical take‚Ä¶ https://t.co/GDMcb6n3oq",C117official,Sat Apr 11 20:12:20 +0000 2020,en,None,negative
1249075434366648322,@Adamcoxon2 And what does it have to go with coronavirus???? That article is from 2016!!!,juanpe_r,Sat Apr 11 20:42:44 +0000 2020,en,None,negative
1249075437629816834,"U.S. Now Has The Most Coronavirus Deaths, Surpassing Italy!

https://t.co/nWog7VmvtT",trapholizaynews,Sat Apr 11 20:42:45 +0000 2020,en,None,negative
1249075437663326208,@wcassias @nextstrain I am Czech. What kind of translation review are you looking for? If it can be done by a softw‚Ä¶ https://t.co/Vk57YlNV2t,romanstrobl,Sat Apr 11 20:42:45 +0000 2020,en,None,negative
1249075438120550402,Coronavirus live news: US overtakes Italy as country with world's highest death toll https://t.co/XBV6oyVDrv,pedro_corbett,Sat Apr 11 20:42:45 +0000 2020,en,None,negative
1249075438531608579,"@HenryFlyOpen @David_Leavitt Please comment on Nancy Pelosi, and the New York government on the response to the cor‚Ä¶ https://t.co/CfChnlZAkx",Brandon67798072,Sat Apr 11 20:42:45 +0000 2020,en,None,negative
1249075442100961280,"#realDonaldTrump #TestingForCovid19
#TrumpLiesPeopleDie 
#TrumpBurialPits
#WorstPresidentInHistory‚Ä¶ https://t.co/9XffmV1ngQ",Listen2Me99,Sat Apr 11 20:42:46 +0000 2020,en,None,negative
1249075443086569473,"‚ÄúIt‚Äôs misleading to focus on wet markets when we discuss the outbreak. It overshadows the true problem here, which‚Ä¶ https://t.co/AjvvhsKUtE",TheBalladmonger,Sat Apr 11 20:42:46 +0000 2020,en,None,negative
1249075446026842113,No one‚Äôs vote should be lost in the mail and uncounted. Make the voting process safe by enacting Voter ID.,CoA24thMassInf,Sat Apr 11 20:42:47 +0000 2020,en,None,negative
1249075446207168515,"COVID-19 conspiracy theories: Twisted effort to bring order to chaos
https://t.co/Tm6WwpMTT0  So people like you re‚Ä¶ https://t.co/Br27vTuGFT",jtksandstormer,Sat Apr 11 20:42:47 +0000 2020,en,None,negative
1249075447171776515,After they've gone out and infected many.,alagbah_,Sat Apr 11 20:42:47 +0000 2020,en,None,negative
1249075447582691328,Environmental racism is a huge reason why black &amp; brown communities are being hit disproportionately hard by the coronavirus.,Jamie_Margolin,Sat Apr 11 20:42:48 +0000 2020,en,None,negative
1249075451546537990,Fact-Check: Trump Says U.S. Has ‚ÄòBest‚Äô COVID-19 Testing System (Nope) https://t.co/vv3SzifF94 https://t.co/cTAcdgYnVi,randyslovacek,Sat Apr 11 20:42:49 +0000 2020,en,None,negative
1249075454398488577,"Agree, I see hispanics congregating in stores, shaking hands, no gloves, no respect for personal space",bonartgl,Sat Apr 11 20:42:49 +0000 2020,en,None,negative
1249075454717329409,New campaign  slogan. Dead tired of all that winning yet?          @laserhaas01,Purplegarter1,Sat Apr 11 20:42:49 +0000 2020,en,None,negative
1249075458525839362,I truly feel sorry for people who voted #Trump in 2016. Convinced the antisocial billionaire was their friend to no‚Ä¶ https://t.co/zhpD0LhrcU,Gettunoiu,Sat Apr 11 20:42:50 +0000 2020,en,None,negative
1249075459091881984,"@realDonaldTrump @nytimes @washingtonpost https://t.co/McfPAaDqHB

It is ignorant to not take some more extreme mea‚Ä¶ https://t.co/EdOgbXiJhd",M1Seamus,Sat Apr 11 20:42:50 +0000 2020,en,None,negative
1249075462594166784,"#NeedforGlobalRepentance
Hos 6:1 ""Come, let us return to the LORD. He has torn us to pieces but he will heal us; he‚Ä¶ https://t.co/oPxbJil6K8",AwaraDickson,Sat Apr 11 20:42:51 +0000 2020,en,None,negative
1249075468327890944,"There are decades where nothing happens; and there are weeks where decades happen. ‚Äì Vladimir Lenin

#COVID19‚Ä¶ https://t.co/FwkuihPwik",makwikhak,Sat Apr 11 20:42:53 +0000 2020,en,None,negative
1249075472253603840,"@RealMattCouch Open it up now.  Now now now.  What the hell are they waiting for?  Well, the idiot governors coweri‚Ä¶ https://t.co/fzPWQDFXgv",AJustin74,Sat Apr 11 20:42:53 +0000 2020,en,None,negative
1249085437316038662,"The places a COVID-19 recession will likely hit hardest
 https://t.co/r61ot1hUnk",MLUVYNews,Sat Apr 11 21:22:29 +0000 2020,en,None,negative
1249085437043453952,"#Austria #EU #Europe
  Cases: 13,806 (+7)
  Death: 337
  Recovered: 6,604
  Critical: 246
  New %: 1.8%
  Death %:‚Ä¶ https://t.co/5g8beBR2Ww",Covid19Stat,Sat Apr 11 21:22:29 +0000 2020,en,None,negative
1249085438624550912,*My mom beat Covid-19 * (SHOCKED),_Roger08,Sat Apr 11 21:22:30 +0000 2020,en,None,negative
1249085440981950465,@CNN THE DEMOCRATS AND LEFTIST MEDIA ARE USING THE CORONAVIRUS TO DESTROY OUR ECONOMY BECAUSE THEY HATE TRUMP MORE‚Ä¶ https://t.co/sAkj3hE1km,GaultJohan,Sat Apr 11 21:22:30 +0000 2020,en,None,negative
1249085443020328962,"#Individual1 #KillingAmericans States Are Livid After Trump Sends Useless Coronavirus Testing Equipment

https://t.co/25e1Ox9oqd",13ironz,Sat Apr 11 21:22:31 +0000 2020,en,None,negative
1249085442764484614,Coronavirus mutates slower than the flu say experts - which will give scientists longer to develop an effective vac‚Ä¶ https://t.co/jkFcjveg8Z,mattjamesmedium,Sat Apr 11 21:22:31 +0000 2020,en,None,negative
1249085443221721094,European supertrawlers target UK waters as fishing industry struggles with coronavirus crisis https://t.co/u188vV7WIa,puffin1952,Sat Apr 11 21:22:31 +0000 2020,en,None,negative
1249085443435446272,"This makes me sad, and I've never even been there.",Geek_Gayle,Sat Apr 11 21:22:31 +0000 2020,en,None,negative
1249085447680245762,Business as usual @ #Wuhan market.... nothing to see here.... #COVID„Éº19 #China,RNCrypto74,Sat Apr 11 21:22:32 +0000 2020,en,None,negative
1249085447885721601,"This nobody is out of line.

AOC is just ticked off because her man Bernie is a 2x quitter. 

AOC claims Trump's 'x‚Ä¶ https://t.co/tOy32soPr8",GKeile,Sat Apr 11 21:22:32 +0000 2020,en,None,negative
1249085451354415104,"@SbBarclay @SkyNews Last I heard it was Coronavirus not Boronavirus.

He's ill in hospital. He also isn't an infect‚Ä¶ https://t.co/AOenZcpCbc",dxdge84,Sat Apr 11 21:22:33 +0000 2020,en,None,negative
1249085452390293504,"There is no plan from the federal government to get out of this. And even if their was, their complete incompetence‚Ä¶ https://t.co/GVgPKHK6xZ",cbeilinson,Sat Apr 11 21:22:33 +0000 2020,en,None,negative
1249085452964876288,"""Dont let them dock. I don't want to increase our numbers. Our numbers are tremendous. These guys will ruin those n‚Ä¶ https://t.co/kK7I2B7MdV",matilackisback,Sat Apr 11 21:22:33 +0000 2020,en,None,negative
1249085454474977280,Where they belong with NO PUBLIC SYMPATHY,jmassa17,Sat Apr 11 21:22:33 +0000 2020,en,None,negative
1249085462121254913,Fuck you WHO...do you really job..it s not your job to tell us what we ll do with our kids...,MomoHaro2,Sat Apr 11 21:22:35 +0000 2020,en,None,negative
1249085463253733377,"He Could Have Seen What Was Coming: Behind Trump‚Äôs Failure

‚ÄúNobody knew there would be a pandemic of this proporti‚Ä¶ https://t.co/nCY8edDtLG",PrairyFyre,Sat Apr 11 21:22:35 +0000 2020,en,None,negative
1249085463748661249,"At a time when everyone should be playing the role of humanitarian, labor disputes do not belong in fundraisers for‚Ä¶ https://t.co/x4ZDuu7woJ",JonathanDemar,Sat Apr 11 21:22:36 +0000 2020,en,None,negative
1249085464025403392,Coronavirus found in air samples up to 4 metres from patients: Study https://t.co/i70iuuPPbd,MandyMallia,Sat Apr 11 21:22:36 +0000 2020,en,None,negative
1249085464537108480,Seriously? What the fuck is wrong with people?!?!,meri315,Sat Apr 11 21:22:36 +0000 2020,en,None,negative
1249085467892441088,"One of the most essential services, because there is no private profiteering from it, is completely abandoned by th‚Ä¶ https://t.co/2sywiB2u9A",AnitaCoulter,Sat Apr 11 21:22:37 +0000 2020,en,None,negative
1249085473684779008,"Model shows spike in #coronavirus case in summer if lockdown is lifted 

HEAT WON‚ÄôT KILL IT..

New US government fi‚Ä¶ https://t.co/ZtY99dtlri",VGKnightinArmor,Sat Apr 11 21:22:38 +0000 2020,en,None,negative
1249085475895357443,The Chinese communists now run our ‚ÄúAmerican‚Äù tech companies and suppressed the brutal regime and their 4th generat‚Ä¶ https://t.co/ZnNCdVv4JI,LogosOfHealth,Sat Apr 11 21:22:38 +0000 2020,en,None,negative
1249085476054667268,@john_gibbs48 Trump is Embarassed to show his school records. Remember this idiot actually bankrupted a Casino so n‚Ä¶ https://t.co/NUUFeyG8fe,selectttt,Sat Apr 11 21:22:39 +0000 2020,en,None,negative
1249093097419673601,Tom Cotton was already on my list of horrid-people-we-would-be-better-off-not-having-any-control-over-our-lives.  https://t.co/fIFlmWA7h5,PrisGalstaun,Sat Apr 11 21:52:56 +0000 2020,en,None,negative
1249093097725755395,AVENATTI out of prison on bond bc of coronavirus üëá,Hope8610,Sat Apr 11 21:52:56 +0000 2020,en,None,negative
1249093097377710080,Covid-19: Actress Hilary Heath dies from Coronavirus https://t.co/ORehyCq8UB https://t.co/6zl3nMpsOy,OgeneAfrican,Sat Apr 11 21:52:56 +0000 2020,en,None,negative
1249093098644353024,"Spain deaths fall, but UK's top 900 again: COVID-19 daily bulletin
‚Å¶@lostfoundagain‚Å©  https://t.co/hIi87WCOoO",colin_goodayle,Sat Apr 11 21:52:56 +0000 2020,en,None,negative
1249067746006052865,"Coronavirus Update: US 

Number of confirmed coronavirus deaths in the U.S. has reached 20,000.

#covid-19‚Ä¶ https://t.co/fId9CPdKRy",Orodata,Sat Apr 11 20:12:11 +0000 2020,en,None,neutral
1249067746081624077,"There are no ""fact checkers;"" merely puppets employed to peddle the propaganda of their masters.  

Facebook‚Äòs Fact‚Ä¶ https://t.co/YEKmdgI9ez",_Mississipp1_,Sat Apr 11 20:12:11 +0000 2020,en,None,neutral
1249067746534531073,It‚Äôs Kansas. There are only like 12 people in the town. If someone had COVID-19 by now they‚Äôd all have it.,Mritzap,Sat Apr 11 20:12:11 +0000 2020,en,None,neutral
1249067746614300672,Tough laws for private car owners in efforts to curb Covid-19 ‚Äì Nairobi News - https://t.co/Paa9vSPCq4,kenyan_digest,Sat Apr 11 20:12:12 +0000 2020,en,None,neutral
1249067749420208135,How companies are confronting the unparalleled uncertainty of the coronavirus crisis https://t.co/x9O7GPoAch,jamiebunn,Sat Apr 11 20:12:12 +0000 2020,en,None,neutral
1249067749780983810,Good questionüëá,aegeanphoenix17,Sat Apr 11 20:12:12 +0000 2020,en,None,neutral
1249067750837956608,"@realDonaldTrump You forgot the link. Here I'll help 
https://t.co/iqO00l4NgP",StopThisChaos,Sat Apr 11 20:12:13 +0000 2020,en,None,neutral
1249067755447386113,OMG - HELL JUST FROZE OVER!,DiogenesMan,Sat Apr 11 20:12:14 +0000 2020,en,None,neutral
1249067759033634821,if you like your coronavirus you can keep it,shrimpbinch,Sat Apr 11 20:12:14 +0000 2020,en,None,neutral
1249067759398502402,@ChrisBEsq @realDonaldTrump @nytimes @washingtonpost Who have you visited with coronavirus?,jawlhans1,Sat Apr 11 20:12:15 +0000 2020,en,None,neutral
1249067762863026176,@thegame The game Aye down inside Coronavirus,OshoJnr,Sat Apr 11 20:12:15 +0000 2020,en,None,neutral
1249067762871386112,I‚Äôm agreeing with Piers Morgan more than I‚Äôm used to but this question should be seared on the consciousness of the‚Ä¶ https://t.co/WVTzMkUvsG,HistoryKss,Sat Apr 11 20:12:15 +0000 2020,en,None,neutral
1249067767850045442,"""We're afraid of the virus but we can't do anything""
#COVID19 deepens the crisis for displaced people in northern F‚Ä¶ https://t.co/bjPswRBfSY",Refugee_RE,Sat Apr 11 20:12:17 +0000 2020,en,None,neutral
1249067767669678080,"Of course not, tRump wants to keep those numbers downüò°
Thousands have died in nursing homes around the U.S. But the‚Ä¶ https://t.co/NxQIUoKxbq",ImNatZS,Sat Apr 11 20:12:17 +0000 2020,en,None,neutral
1249067771498881024,@wattky71 @debScot08250170 @jimmmycrow @tonyposnanski @JoeySalads @realDonaldTrump He literally said what he said s‚Ä¶ https://t.co/12twf9sD6O,tommyb562,Sat Apr 11 20:12:17 +0000 2020,en,None,neutral
1249067772715266049,"See, I already said it before this. https://t.co/vjrNbmm7DP",kudorism,Sat Apr 11 20:12:18 +0000 2020,en,None,neutral
1249067774522998784,"@realDonaldTrump @nytimes @washingtonpost When a failing president says many, many people are saying just know that‚Ä¶ https://t.co/lsuFr8SmCU",kukuland4,Sat Apr 11 20:12:18 +0000 2020,en,None,neutral
1249067774657409024,@cascamike You want to see Cuomo acting insane on March 19th? https://t.co/cyV9FPr5I3,5secondsmedia_,Sat Apr 11 20:12:18 +0000 2020,en,None,neutral
1249067774791618560,@HelluvaFrames Are they trying to protect Hell from the only coronavirus case there ?,WAfton131,Sat Apr 11 20:12:18 +0000 2020,en,None,neutral
1249067775160659968,@Margare25683010 @stephen03947811 @Lhiggo9105 @Wil7713 @ahclarice @zoothorn69 @DavidHa77647773 @ItoniLl @texasrecks‚Ä¶ https://t.co/dHjfhV60Ng,SmartUSAPat1,Sat Apr 11 20:12:18 +0000 2020,en,None,neutral
1249067776402165761,"coronavirus who ?? @ Winfield, West Virginia https://t.co/Ob4WGInmQE",alllll_cattttt,Sat Apr 11 20:12:19 +0000 2020,en,United States,neutral
1249067779162017796,"Thanks @realDonaldTrump So much winning

#RememberInNovember and vote this dangerous lunatic out",DairyFreeGina,Sat Apr 11 20:12:19 +0000 2020,en,None,neutral
1.24907E+18,.@PrashantKishor told @thewire_in that the central govt was slow to react to the #Coronavirus crisis and was ‚Äústill‚Ä¶ https://t.co/SIPt5Vjk4H,ChowkidarReshma,Sat Apr 11 20:12:19 +0000 2020,en,None,neutral
1249067779795361793,"@pvtjokerus ‚ÄúHydroxychloroquine has showed promise in a lab setting against SARS-CoV-2, the virus that causes COVID‚Ä¶ https://t.co/Z9XqmvAVJG",IrvingFisher16,Sat Apr 11 20:12:19 +0000 2020,en,None,neutral
1249067780521046021,"Especially because of this

https://t.co/PBPQT5I1kb",polifoniaurbana,Sat Apr 11 20:12:20 +0000 2020,en,None,neutral
1249067781196316675,"Ross Kemp sparks fury by visiting hospital ICU to film coronavirus documentary

https://t.co/9HjTESe6tw",The_UK_NeedsYou,Sat Apr 11 20:12:20 +0000 2020,en,None,neutral
1249067784056774670,Prof. Harvey talks about the areas of economic and daily life affected and disrupted by the coronavirus and what th‚Ä¶ https://t.co/Hm8wuBj538,storicopolitico,Sat Apr 11 20:12:20 +0000 2020,en,None,neutral
1249075433649442816,The Top 10 Lies About President Trump's Response to the Coronavirus https://t.co/0JF6JxXMjC #NewsandPolitics via @pjmedia_com,CatholicClinger,Sat Apr 11 20:42:44 +0000 2020,en,None,neutral
1249075433745739776,In COVID-19 era: end times for the oil sector? https://t.co/WBBKU1Hj8B,CDNlotus,Sat Apr 11 20:42:44 +0000 2020,en,None,neutral
1249075432181379073,@realDonaldTrump Ive been feeling very fatigued and hot for a month I thought I was fighting coronavirus then I rea‚Ä¶ https://t.co/Tp0s5lYVrp,olivia_camron,Sat Apr 11 20:42:44 +0000 2020,en,None,neutral
1249075433976430593,I read this when it was assigned to my daughter in college and now re-reading. It is so eerie due to Covid-19 but a‚Ä¶ https://t.co/QrAZ3s0kwJ,mamap71971850,Sat Apr 11 20:42:44 +0000 2020,en,None,neutral
1249075434337243143,The president's Covid-19 task force uses a model prepared by The Institute for Health Metrics and Evaluation (IHME)‚Ä¶ https://t.co/jjLYHMZfet,EstevaoDanielBR,Sat Apr 11 20:42:44 +0000 2020,en,None,neutral
1249075437923454976,The only bit of luck I got out of coronavirus is not booking a holiday and not paying for a semester worth of parking in college,AshleighKeenan,Sat Apr 11 20:42:45 +0000 2020,en,None,neutral
1249075438586077184,Watch: Robert Englund Tells Us To Wear Our Glove In Coronavirus PSA https://t.co/skOygb8mbt,ISIS_Slay3r,Sat Apr 11 20:42:45 +0000 2020,en,None,neutral
1249075438955180038,Borisü§¶üèø‚Äç‚ôÇÔ∏è really,DaronOsbourne,Sat Apr 11 20:42:46 +0000 2020,en,None,neutral
1249075438879682560,"Boris Johnson: I owe doctors and nurses my life after coronavirus treatment
https://t.co/4CcLyYkx1D #BorisJohnson https://t.co/q2sIqvoXlQ",PurpleKing1980,Sat Apr 11 20:42:45 +0000 2020,en,None,neutral
1249075442142887937,"At a complete loss as to why @MSNBC is echoing President Trump's agenda for 'reopening the country?

Ending social‚Ä¶ https://t.co/UQVLPD1tVc",BlogChurchWork,Sat Apr 11 20:42:46 +0000 2020,en,None,neutral
1249075443115925510,"A special enrollment period opened because of the coronavirus will now extend until May 15, the city announced this‚Ä¶ https://t.co/Awlwfoop0K",ChelseaNYCPatch,Sat Apr 11 20:42:46 +0000 2020,en,None,neutral
1249075443216547841,"A special enrollment period opened because of the coronavirus will now extend until May 15, the city announced this‚Ä¶ https://t.co/mH2u5RuwtQ",FortGreenePatch,Sat Apr 11 20:42:47 +0000 2020,en,None,neutral
1249075443363459072,"Trump‚Äôs Labor Secretary Scalia condemned for ‚Äòdespicable‚Äô efforts to roll back unemployment benefits, paid leave in‚Ä¶ https://t.co/4mn0KEDQvy",xscoutie,Sat Apr 11 20:42:47 +0000 2020,en,None,neutral
1249075444034539523,#BillDeBlasio #Nyc handed #DonaldTrump the #presidency treating us like 2nd #ClassCitizens #WeMatter we deserve bet‚Ä¶ https://t.co/Op4qjkcNQL,mooresarahsweet,Sat Apr 11 20:42:47 +0000 2020,en,None,neutral
1249075445959667714,Do COVID-19 Vent Protocols Need a Second Look? https://t.co/RHeKALYJnl via @medscape,vukmilosevic,Sat Apr 11 20:42:47 +0000 2020,en,None,neutral
1249075446257516553,Looks like heaven n hell won‚Äôt have any vacancy‚Äôs this year,wutangmexican11,Sat Apr 11 20:42:47 +0000 2020,en,None,neutral
1249075446152663042,"Boris Johnson: I owe doctors and nurses my life after coronavirus treatment
https://t.co/fYxhFwbhFc https://t.co/qbbI1tCQt0",jomarkr,Sat Apr 11 20:42:47 +0000 2020,en,None,neutral
1249075447096389633,WHO Investigating Reports of Coronavirus Patients Testing Positive Again After Recovery https://t.co/RRgMGVQwtR,mckeonmk,Sat Apr 11 20:42:47 +0000 2020,en,None,neutral
1249075450271256576,"Dear Bill, CCP even get offended by it's own anthem. My social account got permanently blocked just because i menti‚Ä¶ https://t.co/kWVLRm8yOV",Qidong_Yeren,Sat Apr 11 20:42:48 +0000 2020,en,None,neutral
1249075451630202880,Brilliance. Easy to remember step 1... üß†üíöüá¶üá∑ Deepak Chopra on managing stress during the coronavirus pandemic https://t.co/XJPwx5wnQ6,SamiSallo,Sat Apr 11 20:42:49 +0000 2020,en,None,neutral
1249075454298001408,5 lessons from World War II for the coronavirus response https://t.co/xKVQSyZgyP di @voxdotcom,tax_tweet,Sat Apr 11 20:42:49 +0000 2020,en,None,neutral
1249075454436409348,@ABC Western medicine have no cures for chronic diseases. That's why their latest breakthrough medical tech for cov‚Ä¶ https://t.co/Qn3CNXYaWQ,Team1David,Sat Apr 11 20:42:49 +0000 2020,en,None,neutral
1249075455677870082,"As of Saturday afternoon, there are no new, known cases of the coronavirus in Madison County and the total count re‚Ä¶ https://t.co/vIujItxFbG",TaylorSixRR,Sat Apr 11 20:42:49 +0000 2020,en,None,neutral
1249075456026071041,"Soooo @HuffPost reports this nugget from Trump's @OSHA_DOL: ""Employers outside of the health care industry generall‚Ä¶ https://t.co/C1fQ29eRZZ",eminencefont,Sat Apr 11 20:42:50 +0000 2020,en,None,neutral
1249075458114752514,"""Coronavirus Tweets from UK authorities"" #COVID19 https://t.co/oP6I3iq6VE",EricdeMarylebon,Sat Apr 11 20:42:50 +0000 2020,en,United Kingdom,neutral
1249075458022551553,Coronavirus Spreads To Kano As Nigeria Reports 13 New Cases https://t.co/4HI4ytH5s4 https://t.co/hKkEztLzYV,ThisIsMyCraft,Sat Apr 11 20:42:50 +0000 2020,en,None,neutral
1249075458370605058,"USA is #1 again! We can‚Äôt lose anything. (Except the most citizens, apparently)",MobTownBrandon,Sat Apr 11 20:42:50 +0000 2020,en,United States,neutral
1249075460174053376,@realDonaldTrump More deaths from COVID-19 than any other country in the world. https://t.co/LyefratnrS,MichaelATorrez3,Sat Apr 11 20:42:51 +0000 2020,en,None,neutral
1249075460685721600,My blog post on how to ‚Äúkeep house‚Äù as a travel writer during COVID-19 is now live. Please share and let me know wh‚Ä¶ https://t.co/OkCU88MVFG,LizOrient,Sat Apr 11 20:42:51 +0000 2020,en,United States,neutral
1249075464439656453,Starry Plough Pub in danger of closing amid coronavirus pandemic https://t.co/vLOpWtgCvy,ced1,Sat Apr 11 20:42:52 +0000 2020,en,None,neutral
1249075464531894272,"Shameless @indiatvnews 

#ThooRahulKanwalThoo",FaizanAdze,Sat Apr 11 20:42:52 +0000 2020,en,None,neutral
1249075464838221824,Trump2020 so many hater trolls,Goldilocks61,Sat Apr 11 20:42:52 +0000 2020,en,None,neutral
1249075469078499328,"Well of course.

When you mark all deaths as coronavirus then you start to tell people they have it just for showin‚Ä¶ https://t.co/g98JyzV79D",realjuliasong,Sat Apr 11 20:42:53 +0000 2020,en,None,neutral
1249075469275758593,Just pay them a decent salary,birdonthewing,Sat Apr 11 20:42:53 +0000 2020,en,None,neutral
1249085436514856960,if you've been following this story: it's come to my attention that @sfgate has since deleted the piece they syndic‚Ä¶ https://t.co/ItuZ17v2ug,jane_c_hu,Sat Apr 11 21:22:29 +0000 2020,en,None,neutral
1249085437542449153,"The US needs masks to fight coronavirus, but supplies from China fell as demand rose https://t.co/3ZpVy3HVjJ via @usatoday",VIKBataille,Sat Apr 11 21:22:29 +0000 2020,en,None,neutral
1249085437727199237,"Don&amp;#39;t Let COVID-19 Scare You Into Trusting Phony Deepak Chopra, Crypto Coins News
https://t.co/O6Ul2PSqHf... https://t.co/yEMWQt97pU",DigitaliveWorld,Sat Apr 11 21:22:29 +0000 2020,en,None,neutral
1249085442227658752,"I know 3G which is Garri, Ground nut and Guli Guli. Havent heard of 5G yet.",MisJimber,Sat Apr 11 21:22:30 +0000 2020,en,None,neutral
1249085442835787778,New post (Oklahoma State's Mike Gundy apologizes for comments on coronavirus response) has been published on News B‚Ä¶ https://t.co/EB9N6aTQ6U,newsbits173,Sat Apr 11 21:22:31 +0000 2020,en,None,neutral
1249085446539411457,"Cory Booker Attempts to Suspend Immigration Enforcement, Empty Detention Centers Due to Coronavirus Pandemic‚Ä¶ https://t.co/8Xs2ibd5AX",mrbier1,Sat Apr 11 21:22:31 +0000 2020,en,None,neutral
1249085445826281472,COVID-19 Remote Consultations. BMJ 2020; 368. https://t.co/Dlg7wG44vH https://t.co/dl3sbKYHxy,Chowdhury20H,Sat Apr 11 21:22:31 +0000 2020,en,None,neutral
1249085460175106050,Decoding Bhilwara‚Äôs model of success against Covid-19 https://t.co/BCPz6H59hr,Finalpoint4,Sat Apr 11 21:22:35 +0000 2020,en,None,neutral
1249085460443533312,"@SecNorman A question about how serological tests.
My IgG and IgM have both tested posted for 8 years after acute i‚Ä¶ https://t.co/yXKKObSSfM",StanTrial,Sat Apr 11 21:22:35 +0000 2020,en,None,neutral
1249085462972715009,@mitrakalita Enjoyed your Covid-19 expose. The only thing missing were photos of the house. I guess the picture you‚Ä¶ https://t.co/xj8NJl4akr,TheSkinsFactory,Sat Apr 11 21:22:35 +0000 2020,en,None,neutral
1249085464251940871,"Pakistan to receive more medical supplies from China as coronavirus cases near 5,000- The New Indian Express https://t.co/MFwC2Y8vVG",allaboutbelagav,Sat Apr 11 21:22:36 +0000 2020,en,None,neutral
1249085466420355072,#Iran‚Äî @SenFeinstein urged Trump to reverse a reported plan to block an¬†Iranian request¬†to #IMF¬†for $5B in aid to f‚Ä¶ https://t.co/dE4Utv5QOH,HezbollahWatch,Sat Apr 11 21:22:36 +0000 2020,en,None,neutral
1249085467854811137,You tell them Bill!!!,SchottSports,Sat Apr 11 21:22:37 +0000 2020,en,None,neutral
1249085471780532224,Translation: Be very afraid. Do what your overlords say.,GoodOldBae,Sat Apr 11 21:22:38 +0000 2020,en,None,neutral
1249085471046672384,@club_ed8 @realMortyC137 @lissasno1fan @KennRWeeks @RockwaterReport @cspanMcArdle @cspanwj @realDonaldTrump @VP‚Ä¶ https://t.co/uCCwZdvlDt,10903,Sat Apr 11 21:22:37 +0000 2020,en,None,neutral
1249085471721955329,Covid-19 has brought to the fore two major tenets of contemporary anarchist and feminist thought: the importance of‚Ä¶ https://t.co/X6Y5SqG9If,HaworthF,Sat Apr 11 21:22:38 +0000 2020,en,None,neutral
1249085471008772096,"Domino's Pizza introduces ""Zero Contact Delivery"" service for the health and safety of their customers and employee‚Ä¶ https://t.co/yGrAKqgqZG",CreatesYou,Sat Apr 11 21:22:37 +0000 2020,en,None,neutral
1249085471696793602,"Sharing from @NYCPDDEA - As we‚Äôre physically spaced apart, we‚Äôve never stood so close together. Today the DEA board‚Ä¶ https://t.co/KEzkMlXPnp",TmSouthFlorida,Sat Apr 11 21:22:37 +0000 2020,en,None,neutral
1249085472825135106,"a coronavirus vaccine is developed BUT every minecraft parody is wiped from YouTube

would you do it?",rogerthat512,Sat Apr 11 21:22:38 +0000 2020,en,None,neutral
1249085474993573891,1 in 10 *hospitalized* middle-aged coronavirus patients ‚Äî not 1 in 10 middle-aged coronavirus patients https://t.co/iwOcPqGgOh,daveschroeder,Sat Apr 11 21:22:38 +0000 2020,en,None,neutral
1249085474972581893,Trump: U.S. Could Impose Visa Sanctions on Countries Not Accepting Deportees https://t.co/HLkH4WV8y2,gds44,Sat Apr 11 21:22:38 +0000 2020,en,None,neutral
1249085475626852353,Maybe now Labour will realise the NHS is not going to be sold to the Americans.,LanceForman,Sat Apr 11 21:22:38 +0000 2020,en,None,neutral
1249085476222447617,"@Tracie0313 @ItsAbout1A2A @POTUS @DNC W.H.O. needs to become a
World
Healing
Organization
~Real SuperMan
C.D.C. nee‚Ä¶ https://t.co/3ODgcDwkjw",dyntegradyn,Sat Apr 11 21:22:39 +0000 2020,en,None,neutral
1249093098472341505,"Plenty of names sources in this one Trump.

‚Å¶@realDonaldTrump‚Å©

 https://t.co/ZC8MxQomQD",mrvintageestate,Sat Apr 11 21:52:56 +0000 2020,en,None,neutral
1249067745746001925,"I for one, am not shocked. Watch it get revised again next week.

https://t.co/NQn4HMsC2a",LoftusSteve,Sat Apr 11 20:12:11 +0000 2020,en,None,positive
1249067750472941568,Good because Im tired of seeing 600sqft apartments for $1300. All these new apartments being built and all of them‚Ä¶ https://t.co/SZALPaWv2a,WhatsSleepTho,Sat Apr 11 20:12:12 +0000 2020,en,None,positive
1249067753492840449,That Balandra crew boy ü§¶üèæ‚Äç‚ôÄÔ∏è.  Quarantine time start over from zero.,LouisKhadija,Sat Apr 11 20:12:13 +0000 2020,en,None,positive
1249067755292086272,"Thanks @realDonaldTrump @GOP but hey, lets go back to work and church anyway. Maybe lick each other.",tofumusubi,Sat Apr 11 20:12:14 +0000 2020,en,None,positive
1249067759943680001,"These kids in the UK couldn't go skiing due to the coronavirus.

So their father did the next best thing.

He made‚Ä¶ https://t.co/WPJUeLeKeB",MuhammadLila,Sat Apr 11 20:12:15 +0000 2020,en,None,positive
1249067763383099398,"@TarekFatah @WhatTheFatah #Greece responded more quickly and decisively to contain #Covid19 outbreak than #Spain,‚Ä¶ https://t.co/1lUGPSgEa3",shivkant,Sat Apr 11 20:12:16 +0000 2020,en,None,positive
1249067763685044231,@JackJac51371973 @Marco__Roth @patel4witham If they were +ve for Covid-19 it's moot; they died from complications b‚Ä¶ https://t.co/e1qf44M1JX,ChrisGBurns,Sat Apr 11 20:12:16 +0000 2020,en,None,positive
1249067764582678528,"@umrichowki @moradabadpolice @adgzonebareilly @amitpathak09 Good work COVID-19 faight
SSP Moradabad &amp; Moradabad police",MohdYusufSHAMS5,Sat Apr 11 20:12:16 +0000 2020,en,None,positive
1249067766616899586,Coronavirus Pandemic Is Reshaping Blockchain Companies‚Äô Roadmaps - https://t.co/dKQCXbJGC7 - -,CryptoNewsKing,Sat Apr 11 20:12:16 +0000 2020,en,None,positive
1249067767715762181,Scientists working overtime in Africa ü§∑üèø‚Äç‚ôÇÔ∏è #coronavirus https://t.co/kwqDLm1Cpi,Ibrah50,Sat Apr 11 20:12:17 +0000 2020,en,None,positive
1249067770676985856,Let‚Äôs hope is true.,Allegro4America,Sat Apr 11 20:12:17 +0000 2020,en,None,positive
1249067774539939841,New coronavirus test site to open in East St. Louis  https://t.co/iQdLRvCrj8 https://t.co/VphjK7HGLC,stltoday,Sat Apr 11 20:12:18 +0000 2020,en,None,positive
1249067775613640705,@andyguitarleeds Easy learning and mentally keeps you positive throughout #coronavirus pandemic #COVID19,mad_sull,Sat Apr 11 20:12:18 +0000 2020,en,None,positive
1249067775894654978,"This man is politicising a crisis, where hundreds of millions of PPE items have been distributed. https://t.co/EEePqTRTHI",JamesHenryBush,Sat Apr 11 20:12:18 +0000 2020,en,None,positive
1249067778860027905,"In Norway, Technology is Helping People Tackle Isolation Woes During COVID-19 Lockdown https://t.co/IAwdITDkvT https://t.co/rYAr93d7Hd",TechhubSupport,Sat Apr 11 20:12:19 +0000 2020,en,None,positive
1249075442449035265,Amazon allows certain states to use their SNAP benefits for fresh but now would be the time to allow all users cari‚Ä¶ https://t.co/bky5Ob8TH4,_omnificent_,Sat Apr 11 20:42:46 +0000 2020,en,None,positive
1249075443518648321,Coronavirus and loneliness: How to reach out to neighbors who need it - Curbed https://t.co/TeLjQmHA6M,masousa_realtor,Sat Apr 11 20:42:47 +0000 2020,en,None,positive
1249075443753521152,@realDonaldTrump all on you,sayingwriting,Sat Apr 11 20:42:47 +0000 2020,en,None,positive
1249075446869827586,Coronavirus is weird. But I still say book it.,M_OToole,Sat Apr 11 20:42:47 +0000 2020,en,None,positive
1249075448094416896,"Apple and Google‚Äôs Covid-19 tracing system is an authoritarian surveillance state wet dream. While it is opt-in, an‚Ä¶ https://t.co/axbADUPJkW",trentlapinski,Sat Apr 11 20:42:48 +0000 2020,en,None,positive
1249075448077836288,@VanJones68 You are the man Van Jones‚úä and so right about focus on minimizing  spread of COVID-19 in correctional f‚Ä¶ https://t.co/ZgR9JhaoQk,Filippa_DuRietz,Sat Apr 11 20:42:48 +0000 2020,en,None,positive
1249075450510376960,He‚Äôs right @billmaher !,EvaFerg27327676,Sat Apr 11 20:42:48 +0000 2020,en,None,positive
1249075455048769536,"@va_shiva Hi,
What's happening in nigeria now is the arrival of 15 Chinese 'Covid-19 experts' with a ventilator and‚Ä¶ https://t.co/tkZyXHGmdM",Goalmonger,Sat Apr 11 20:42:49 +0000 2020,en,None,positive
1249075456156057607,White House rejects bailout for Postal Service battered by coronavirus - The Washington Post https://t.co/o9piaLa5hw,Beth17459893,Sat Apr 11 20:42:50 +0000 2020,en,None,positive
1249075457636491265,√Änother city GAA club paying tribute to our fantastic carers. @StPatsgaalimk - thanks to @markyjpmark for sending p‚Ä¶ https://t.co/kbEQVPPIGA,Nick468official,Sat Apr 11 20:42:50 +0000 2020,en,None,positive
1249075459050082304,"üëáMany, many of us do Johnson",AmandaJaneCole,Sat Apr 11 20:42:50 +0000 2020,en,None,positive
1249075459326914563,@SkyNews Brilliant #BorisJohnston we need you back but not before you are fully rested and recovered #coronavirus,Longmuir19,Sat Apr 11 20:42:50 +0000 2020,en,None,positive
1249075464444002304,@MillerSarmila If you are concerned and believe anyone to be flouting Government advice you can make a report to us‚Ä¶ https://t.co/cqYPq9VmoG,SurreyPolice,Sat Apr 11 20:42:52 +0000 2020,en,None,positive
1249075464544505856,"#shutdownaustralia
A repatriation flight carrying Australians who were stuck for weeks on a coronavirus-riddled cru‚Ä¶ https://t.co/bL1HX0FfmN",DMG63361581,Sat Apr 11 20:42:52 +0000 2020,en,None,positive
1249075467178606596,I am so sorry for the families of these 10 people that died at the nursing. I have no right to say this but where w‚Ä¶ https://t.co/a9T9oISdmo,BarbaraWhitcomb,Sat Apr 11 20:42:52 +0000 2020,en,None,positive
1249075467581370372,BREAKING: Osun govt discharges 10 Coronavirus patients https://t.co/irI9tPsaSf,BarBenchWatch,Sat Apr 11 20:42:52 +0000 2020,en,None,positive
1249075468420202497,Absolutely. Of course climate change and deforestation and every other fucking thing we're doing to this planet wou‚Ä¶ https://t.co/BtHTCnV9Yt,MomintheMix57,Sat Apr 11 20:42:53 +0000 2020,en,None,positive
1249075468768366598,"The World-Wide outbreak of Covid-19 has a lesson: Humans Beings are one. So, why not live in peace?
#LessonOfCovid_19",3rdWorldkhan,Sat Apr 11 20:42:53 +0000 2020,en,None,positive
1249075471293140993,Don't Panic: Preventing Coronavirus (COVID-19),Gagah42488194,Sat Apr 11 20:42:53 +0000 2020,en,None,positive
1249075472148955137,"Lego is producing 13,000 face visors a day for healthcare workers amid coronavirus pandemic https://t.co/qfqgZD9IXC via @usatoday",olgita0101,Sat Apr 11 20:42:53 +0000 2020,en,None,positive
1249085437920018434,How a new vaccine adjuvant might shorten race to COVID-19 immunity https://t.co/czQKjtri4y via @medical_xpress,patentbuddy,Sat Apr 11 21:22:29 +0000 2020,en,None,positive
1249085445142691840,"""Straightforward Yes"": Raghuram Rajan On Return To India If Asked To Help https://t.co/OZwKXzxemd #ndtvnewsbeeps",f_fatai,Sat Apr 11 21:22:31 +0000 2020,en,None,positive
1249085447361486858,@DHIN_HIE @CDCgov At @DrexelUniv we have a pretty awesome #coronavirus phishing and scam awareness summary... And w‚Ä¶ https://t.co/9MOhLlCgn4,689DNCL,Sat Apr 11 21:22:32 +0000 2020,en,None,positive
1249085448137461760,Nonprofit Suing Fox News Over Its Coronavirus Reporting Requests Judge Be Removed https://t.co/xqsLuJfSzP,JadeNushuz4me,Sat Apr 11 21:22:32 +0000 2020,en,None,positive
1249085455020306437,Fake News,DamianPwalsh,Sat Apr 11 21:22:34 +0000 2020,en,None,positive
1249085458010845191,"I'm the quarantine buffer among three generations of my family. All in one house

https://t.co/C9ONI9H0BE",RoseMarieoolala,Sat Apr 11 21:22:34 +0000 2020,en,None,positive
1249085458342010880,"Heads need to roll, and families need to be compensated big time!

Don't get me started!",Frost_Man68,Sat Apr 11 21:22:34 +0000 2020,en,None,positive
1249085458337980416,"Modular and recycled materials for a rapidly changing world will require new approaches to architecture, but also p‚Ä¶ https://t.co/DVB9t6x4jq",plan_data_sci,Sat Apr 11 21:22:34 +0000 2020,en,None,positive
1249085459973713920,Watch This - Bill Maher Is So Right About the 'Chinese' Coronavirus https://t.co/g8FQRry1fj,queenBbrooklyn,Sat Apr 11 21:22:35 +0000 2020,en,None,positive
1249085462456594432,Apple and Google are building a tool that would alert people if they were in contact with someone infected with the‚Ä¶ https://t.co/R9vxxB9zWn,Chinmayi_Batya,Sat Apr 11 21:22:35 +0000 2020,en,None,positive
1249085462976909313,"These countries are reopening -- here's how
https://t.co/mdKnwF1d1B",AdaBjelanN1,Sat Apr 11 21:22:35 +0000 2020,en,None,positive
1249085466785255427,Oxford University says its coronavirus vaccine could be ready by September | The New Daily https://t.co/FHqmiDR5Qi,johnamuir,Sat Apr 11 21:22:36 +0000 2020,en,None,positive
1249085470379782145,Helpless for loved ones not to be at there relatives sides to give them comfort . I fully understand why people dyi‚Ä¶ https://t.co/kHxCWjCHLh,LadyAmber2017,Sat Apr 11 21:22:37 +0000 2020,en,None,positive
1249085471357112320,"After 10 years of trying, giant pandas finally mate during coronavirus lockdown at Hong Kong zoo - ABC News https://t.co/CjWk1IOPUX",ruthannbrownao1,Sat Apr 11 21:22:37 +0000 2020,en,None,positive
1249085472191569920,Very interesting indeed...üßêüßêüßê,STEPHala,Sat Apr 11 21:22:38 +0000 2020,en,None,positive
1249085472737026049,@chadinabhan @netflix @PrimeVideo @hulu Yes at least for free trial period during the #coronavirus,SeanLavin,Sat Apr 11 21:22:38 +0000 2020,en,None,positive
1249085472724353029,"FDA Moves Israeli COVID-19 Treatment With 100% Survival Rate Into Clinical Trials https://t.co/AmTKkqY3b2 Well, let‚Ä¶ https://t.co/g8gYt8goYP",paulaspaulatics,Sat Apr 11 21:22:38 +0000 2020,en,None,positive
1249085475551354880,#ASSHOLES Hospital workers on front lines of coronavirus fight find their tires slashed https://t.co/aeiw5KEBVE via @nbcnews,george03641870,Sat Apr 11 21:22:38 +0000 2020,en,None,positive
1249093098782810115,The UK is bleeding out right now due to the failings of this Government with the loss of life being downplayed when‚Ä¶ https://t.co/NFVeU4trjj,MakeupAna,Sat Apr 11 21:52:56 +0000 2020,en,None,negative
1249093099474890754,It's all about the üí∞,OklaCannaCo,Sat Apr 11 21:52:56 +0000 2020,en,None,neutral
1249093099864940544,"Nu nog onze Nederlandse wetenschappers ‚ÄúRandom sampling would help too, agree both Shah and Goodman, to estimate th‚Ä¶ https://t.co/fSr4eroqUe",markvanasten,Sat Apr 11 21:52:56 +0000 2020,en,None,neutral
1249093099923488768,Exemplifies the sheer greed and moral abyss that is Murdoch.,DavidCross62,Sat Apr 11 21:52:56 +0000 2020,en,None,negative
1249093099734925313,Just in: Ngige tests negative for COVID-19 https://t.co/I1XMjsuWPS https://t.co/rcKWOnmhr2,DavidAfangideh,Sat Apr 11 21:52:56 +0000 2020,en,None,negative
1249093101936881664,I still remember the hard time we went through!,QXN06105522,Sat Apr 11 21:52:57 +0000 2020,en,None,neutral
1249093102570213381,We need answers now!!! @GovRonDeSantis,sambajennifer,Sat Apr 11 21:52:57 +0000 2020,en,United States,negative
1249093102570176512,States and experts begin pursuing a coronavirus national strategy in absence of White House direction - The Washing‚Ä¶ https://t.co/k8GPKZdQcW,BudGothmog44,Sat Apr 11 21:52:57 +0000 2020,en,None,neutral
1249093104579289090,God speed.   When will Apple and Walmart get on board?,Oreo52,Sat Apr 11 21:52:57 +0000 2020,en,None,neutral
1249093104684204037,Trump was repeatedly warned with urgency. And did nothing. Why?  Russia.,MSannicole,Sat Apr 11 21:52:57 +0000 2020,en,None,negative
1249093105418145798,"@BasitMahmood91 Hey Basit, check out @wearebeam ‚Äòs emergency coronavirus fund for homeless families - we are fundin‚Ä¶ https://t.co/dZ6EJO86wT",montanagerry12,Sat Apr 11 21:52:58 +0000 2020,en,None,neutral
1249093105686544387,That‚Äôs disgusting.,Soxwschamps,Sat Apr 11 21:52:58 +0000 2020,en,None,negative
1249093108475801601,"If you didn't file but you still want to receive the stimulus check, please visit this website. https://t.co/kKgZUiddQw",BlackBernieBabe,Sat Apr 11 21:52:58 +0000 2020,en,None,neutral
1249093109025255435,"@johncardillo @GovWhitmer https://t.co/7s2xDZUlRA

START SUING ... THE ONLY WAY TO GET THEM TO STOP PLAYING DICTATO‚Ä¶ https://t.co/YTHgIVn8ti",StaceyMaLaine,Sat Apr 11 21:52:58 +0000 2020,en,None,neutral
1249093108962340865,@EliseStefanik Still waiting for you to speak up in defense of the Captain who was fired for trying to save the liv‚Ä¶ https://t.co/vNXGNNPBbP,MichelleTolosky,Sat Apr 11 21:52:58 +0000 2020,en,None,negative
1249093109469732864,Editorial: Trump is playing a political game with our lives during coronavirus ‚Å¶@denverpost‚Å© #Corruption #COVID„Éº19  https://t.co/dgOzsa1Kz1,bsteinbe,Sat Apr 11 21:52:58 +0000 2020,en,None,negative
1249093109792886784,Fauci&amp; Folly? Disease Expert: Lifting Lockdowns Would ‚ÄúExterminate‚Äù Coronavirus  VIDEO https://t.co/gLxkGgGe4M,ADTopStory,Sat Apr 11 21:52:59 +0000 2020,en,None,neutral
1249093109763518467,"When I smoked cigarettes, my African-American friends always smoked menthol - without fail. Our cultural habits can‚Ä¶ https://t.co/2petP0peWY",pontifex_red,Sat Apr 11 21:52:59 +0000 2020,en,None,neutral
1249093110287740931,"‚ÄúOn March 10, Trump said, ‚Äúwe‚Äôre prepared, and we‚Äôre doing a great job with it. And it will go away. Just stay calm‚Ä¶ https://t.co/06bOqQUGbV",PatrickNTokyo,Sat Apr 11 21:52:59 +0000 2020,en,None,negative
1249093110606503936,"Oyo discharges another COVID-19 patient, left with four active cases 

https://t.co/lRoO4wYxrk",musliudeen,Sat Apr 11 21:52:59 +0000 2020,en,None,positive
1249093112263213056,"Nearly 2,000 Dead as Coronavirus Ravages Nursing Homes in N.Y. Region https://t.co/4p8cMRxj5A",pdougmc,Sat Apr 11 21:52:59 +0000 2020,en,None,neutral
1249093112946765824,"He Could Have Seen What Was Coming: Behind Trump‚Äôs Failure on the Virus

The president was warned about the potenti‚Ä¶ https://t.co/TXm6jkyvWv",AlexChowStuart,Sat Apr 11 21:52:59 +0000 2020,en,None,negative
1249093113152507906,ATTENTION EMS MANAGERS:  NAEMT is seeking feedback from EMS Managers on the impacts of COVID-19 on your EMS Agency.‚Ä¶ https://t.co/YsLqaJbf0Q,PtSafetyEMS,Sat Apr 11 21:52:59 +0000 2020,en,None,neutral
1249093113374703616,Here‚Äôs how Georgia‚Äôs Republican governor is keeping the state in the dark about the coronavirus crisis #SmartNews  https://t.co/72mFbfoRnr,abbeycheech1,Sat Apr 11 21:52:59 +0000 2020,en,None,negative
1249093113764814853,Maintaining Building Safety While People are Remote with Mass Notification #coronavirus #covid19‚Ä¶ https://t.co/3N3HwzvW5m,singlewire,Sat Apr 11 21:53:00 +0000 2020,en,None,neutral
1249093114523815936,Does anyone know what the acronym COVID-19 means? Honest question,TeresaIsIrish,Sat Apr 11 21:53:00 +0000 2020,en,None,neutral
1249093114469515266,Both Trump and Pence are planning on attending virtual services for Easter. https://t.co/4uBAQ1rAgv,USATODAY,Sat Apr 11 21:53:00 +0000 2020,en,None,neutral
1249093114473693186,"Oh, FFS. What's going on now? üòÅ I guess C-Span has some shows that are call-in? No coronavirus rally today, so Trum‚Ä¶ https://t.co/fpIrjfiN5g",thebeach345,Sat Apr 11 21:53:00 +0000 2020,en,None,positive
1249093114410737664,"A new Inside Darley Coronavirus Update from Paul.  
https://t.co/dYBYCWufmE https://t.co/IeV0uxNwn0",wsdarley,Sat Apr 11 21:53:00 +0000 2020,en,None,neutral
1249093114809192452,Sad news for all the computer engineering community and most specifically for the hacker community üòî,felmoltor,Sat Apr 11 21:53:00 +0000 2020,en,None,negative
1249093116738535425,@JoeBiden Trump fired the head of the Coronavirus Bailout Oversight Board. Trump doesn't want accountability. Conta‚Ä¶ https://t.co/ISelmdkGEd,hlphoenix,Sat Apr 11 21:53:00 +0000 2020,en,None,neutral
1249093116612808705,"US coronavirus death toll passes 20,000 https://t.co/PsPcg7Bx3N https://t.co/GihKtX1DiO",ScoopliveUpdate,Sat Apr 11 21:53:00 +0000 2020,en,None,neutral
1249093117199781888,#covid-19 #coronavirus #recovery by #November it is now #Easter #Easter2020 #breaking #breakingnews at least he's s‚Ä¶ https://t.co/EqZ3mmBmSq,rebjefwill_j,Sat Apr 11 21:53:00 +0000 2020,en,None,neutral
1249093117334208512,Coronavirus Impact: Applying For Small Business Loans Could Be Daunting ‚Äì CBS Miami https://t.co/QK4RRu1ZZM,StacyYbarraEdD,Sat Apr 11 21:53:00 +0000 2020,en,None,neutral
1249093117069922304,"The Joint Commission Covid-19 Resources:
https://t.co/H1F63mhlRz https://t.co/tZF21tR3uJ",PtSafetyExpert,Sat Apr 11 21:53:00 +0000 2020,en,None,neutral
1249093117476835328,Again--I don't agree with Bill Maher...hardly ever.....but he's spot on here.  And I applaud him for saying it.,LacyLamons,Sat Apr 11 21:53:00 +0000 2020,en,None,negative
1249093117640400896,Repeatedly played down seriousness... https://t.co/zlHvIa99CM #drudge,drudgereportapp,Sat Apr 11 21:53:00 +0000 2020,en,None,neutral
1249093117619429382,Donate to support the first responders and the COVID-19 task forces #covid #covid-19 #healthcare #healthcareworkers‚Ä¶ https://t.co/G3OmLfzXsP,NelsonSubervi,Sat Apr 11 21:53:00 +0000 2020,en,None,positive
1249093117283905536,Me running up to my boyfriend when lockdown is officially over #COVID19 #coronavirus #lockdown https://t.co/udYZ5thfgL,chloemaemason,Sat Apr 11 21:53:00 +0000 2020,en,None,positive
1249093099185483778,God really wanted all those people to die just to get praises from me?? Hmm,gyebi8,Sat Apr 11 21:52:56 +0000 2020,en,None,neutral
1249093101462962177,"Dear Mr Fantasy - Traffic Cover
Vocals:  Micahüòó Music: Dadüé∏
Yes, it's the song from Avengers Endgame
Watch full vid‚Ä¶ https://t.co/2kPV0Qrd3v",positive_autism,Sat Apr 11 21:52:57 +0000 2020,en,None,neutral
1249093115669106689,Is he more important than others in jail?,rob0719,Sat Apr 11 21:53:00 +0000 2020,en,None,neutral
1249093117841719296,"With a small finger-pick, volunteers can help scientists fight COVID-19 from their homes.

People interested in par‚Ä¶ https://t.co/u4IJcenwpQ",yueliao,Sat Apr 11 21:53:00 +0000 2020,en,United States,neutral
1249093121536737280,@somoytv Coronavirus spreading crime is available known as 'Oggan party' doing crime. Otherways if this use for war‚Ä¶ https://t.co/8rzTtkTQGP,moshahiv,Sat Apr 11 21:53:01 +0000 2020,en,None,neutral
1249093121583075330,Hmmm I wonder why ü§î,shrkquestionmrk,Sat Apr 11 21:53:01 +0000 2020,en,None,neutral
1249093122132512771,"‚ÄúSorry‚Äù*.

*not sorry

Coronavirus: Priti Patel 'sorry if people feel there have been failings' on PPE https://t.co/WmikFDH02s",ajpaterson,Sat Apr 11 21:53:02 +0000 2020,en,None,neutral
1249093122035986433,HCQ is not the only answer to the CV crisis but right now it is proven to be an effective safe answer for many espe‚Ä¶ https://t.co/ianU60IGRo,mikeropc1,Sat Apr 11 21:53:01 +0000 2020,en,None,neutral
1249093122375778304,"Coronavirus found in air samples up to 4 metres from patients, study reveals so keep this in mind when out and abou‚Ä¶ https://t.co/rzRApi84Sx",Maz0277,Sat Apr 11 21:53:02 +0000 2020,en,None,neutral
1249093122715418625,@raklijnstra @ItsMeAlex45 @YerRamautarsing @LarsepediaJong Dit dus: Trump likened the Democrats' criticism of his a‚Ä¶ https://t.co/M9BcmNeRzA,4Meesters,Sat Apr 11 21:53:02 +0000 2020,en,None,neutral
1249093122950344704,46 Ruby Princess crew at Port Kembla test positive for COVID-19 - Illawarra Mercury https://t.co/qhWweLgwPh,cardcounterswin,Sat Apr 11 21:53:02 +0000 2020,en,None,neutral
1249093122950340612,Rapid testing from antibodies can show if you already recovered from COVID-19 https://t.co/eObAmSFPMf,ahalbert04,Sat Apr 11 21:53:02 +0000 2020,en,None,neutral
1249093122967117826,Tamn,Mr_Shibaboo,Sat Apr 11 21:53:02 +0000 2020,en,None,neutral
1249093123986219008,"He DID see it but chose not to act - criminal I say!
#GOPGenocide #trumpcovidfails #CoronaLockdown‚Ä¶ https://t.co/tExWxE4hvV",stormyehitch,Sat Apr 11 21:53:02 +0000 2020,en,Mexico,negative
1249093125852631040,"New post: Global Covid-19 Updates As At April 11, 2020 https://t.co/rXj6Oo3ZlB",ElombahNews,Sat Apr 11 21:53:02 +0000 2020,en,None,neutral
1249093125827633154,@joecogneeto @MariahforAthens @JoeBiden @BenjaminPDixon The poll clarifies that you lose the private insurance but‚Ä¶ https://t.co/Tl1UvjjyHM,stantastic0,Sat Apr 11 21:53:02 +0000 2020,en,None,neutral
1249093126393925639,Free them,1redshoe,Sat Apr 11 21:53:03 +0000 2020,en,None,neutral
1249093126104506368,"England's death rate is now worse than Italy and Spain at 13.4%! 
 https://t.co/zJS1q8BzuW https://t.co/De1hxvbkSs",Sheilz4indy,Sat Apr 11 21:53:02 +0000 2020,en,None,negative
1249093127014617090,"California governor praises Trump's efforts to help state amid coronavirus crisis 

https://t.co/zpcgLeXfgk https://t.co/6So6zwJUu2",New_Narrative,Sat Apr 11 21:53:03 +0000 2020,en,None,neutral
1249093127513702403,@christufton Why does it seem y'all taking this COVID-19 as a big social media campaign?!,SlywayneLynx,Sat Apr 11 21:53:03 +0000 2020,en,None,neutral
1249093127526326272,God please help us. People need to stay home. Stay home!,corals1371,Sat Apr 11 21:53:03 +0000 2020,en,None,negative
1249093129837457415,Joe Rogan approves https://t.co/zMuMrLfUQL,FuckCons,Sat Apr 11 21:53:03 +0000 2020,en,None,neutral
1249093129938055168,"Texas to ease Coronavirus lockdown under executive order to ""restore livelihoods,"" governor says https://t.co/Y1ik8w6r39",wufandmew,Sat Apr 11 21:53:03 +0000 2020,en,None,neutral
1249093130110095365,Before 15th pleeeeassssseüò≠üò≠üò≠üò≠.,serene350,Sat Apr 11 21:53:03 +0000 2020,en,None,negative
1249093130445619201,Israel's young generation will foot the coronavirus bill https://t.co/c3B7h73jQE,drdivine,Sat Apr 11 21:53:03 +0000 2020,en,None,neutral
1249093107838140416,"US Leads Global Wave of Nations Stealing, Seizing and Diverting Coronavirus Equipment https://t.co/w3hxbNit5C",IAmForAnimals,Sat Apr 11 21:52:58 +0000 2020,en,None,neutral
1249093118126931968,Spennanite! Prove To Me Covid-19 Wont Stop Us From FLOURISHING!,iconicvib3z,Sat Apr 11 21:53:01 +0000 2020,en,None,negative
1249093124283977728,It has come to me that the U.S knows everything about covid-19 except the cureü§¶üèæ‚Äç‚ôÇÔ∏è,positivevibez03,Sat Apr 11 21:53:02 +0000 2020,en,None,negative
1249093130718191622,@808ransom @MichaelCoudrey @realDonaldTrump @nytimes @washingtonpost @CNNPolitics Let's just start with this. https://t.co/rUEDXZdxve,sabrynac,Sat Apr 11 21:53:04 +0000 2020,en,None,neutral
1249093130940559361,NO NOT STURGGG,dylan_adam_1000,Sat Apr 11 21:53:04 +0000 2020,en,None,neutral
1249093131007598593,"Blocked runny nose, sore throat, temperature of 38.4 and mum with coronavirus? Was only a matter of time ü•∫",JessiccaaaS_,Sat Apr 11 21:53:04 +0000 2020,en,None,negative
1249093132727312387,#Coronavirus cannot change the empty tomb. He has risen! Alleluia. Happy Easter! https://t.co/5afjhBnHOE,TottiFranz,Sat Apr 11 21:53:04 +0000 2020,en,None,positive
1249093133410934789,Makes one wonder who actually writes the'news'?,Gerfome,Sat Apr 11 21:53:04 +0000 2020,en,None,neutral
1249093133771640832,"After covid-19 clears up people in each country will learn a new skill that matters. Coding, electrical, data-scien‚Ä¶ https://t.co/0Wu5zDnIy0",lordbynoe,Sat Apr 11 21:53:04 +0000 2020,en,None,neutral
1249093133532647424,@BorisJohnson You may want to look at fixing the ridiculous loan charge which many NHS nurses are still facing!!! M‚Ä¶ https://t.co/aGOvP66U9J,HmrcVictim1,Sat Apr 11 21:53:04 +0000 2020,en,None,negative
1249093134522421250,Midwest braces as US coronavirus death toll overtakes Italy's https://t.co/j8Rer9IlO2,KREM2,Sat Apr 11 21:53:04 +0000 2020,en,None,neutral
1249093134799310848,"Coronavirus: NFL's chief medical officer says widespread, fast turnaround testing needed before 2020 season can sta‚Ä¶ https://t.co/UIIlEAgKGe",AFIReview,Sat Apr 11 21:53:05 +0000 2020,en,None,neutral
1249093135151611905,Midwest braces as US coronavirus death toll overtakes Italy's https://t.co/qixyah16bk,wbir,Sat Apr 11 21:53:05 +0000 2020,en,None,negative
1249093135096926208,Of course.  Not enough of us have died to please the wh.,GretchenAppleg2,Sat Apr 11 21:53:05 +0000 2020,en,None,negative
1249093135189319682,‚Å¶@WHO‚Å© investigates reports of recovered coronavirus patients testing positive again - Business Insider‚Ä¶ https://t.co/eVkcabc7Mt,aldoceccarelli,Sat Apr 11 21:53:05 +0000 2020,en,None,neutral
1249098297479847938,Coronavirus: Police apologise after man 'arrested for running errands' | UK News | Sky News https://t.co/9Q2sb0xOsT,Eagle0786547,Sat Apr 11 22:13:35 +0000 2020,en,None,neutral
1249098433178112001,Tomorrow Is Easter #coronavirus #covid19 #stayhome #donaldtrump #OPENAMERICANOW #COVID„Éº19 #TexasGovernor #cnn‚Ä¶ https://t.co/VG3v4zuXCo,HappyAcronyms,Sat Apr 11 22:14:08 +0000 2020,en,None,neutral
1249098221277679627,Coronavirus: Priti Patel 'sorry if people feel there have been failings' on PPE https://t.co/8ZZEUTnuQm,RichardGEarl,Sat Apr 11 22:13:17 +0000 2020,en,None,neutral
1249098876981612550,Use 2 seconds to access google,LexKeef,Sat Apr 11 22:15:54 +0000 2020,en,None,neutral
1249098607359221760,Episode #79/The Coronavirus Spectacular podcast is up and ready for your listening pleasure!!,bobandbillshow,Sat Apr 11 22:14:49 +0000 2020,en,None,positive
1249098339917824007,"Thanks to @theBeardedCripl and @hannietravels , I hit $500 for #ExtraLifeUnited! Let‚Äôs get it up to $750 now by the‚Ä¶ https://t.co/lLheBboIji",mochajones10,Sat Apr 11 22:13:46 +0000 2020,en,None,positive
1249098100414640129,"Yes, they should be charged, sentenced, and then go to prison for the rest of their lives.",Scotsarewe,Sat Apr 11 22:12:48 +0000 2020,en,None,neutral
1249098661558022145,"Governor Newson&amp; his Aunt Pelosi will kill California first, then the rest of nation. With their reverse Socialism‚Ä¶ https://t.co/YYTHB3Kdax",HolyBible66,Sat Apr 11 22:15:02 +0000 2020,en,None,negative
1249097982626021376,Trump has bluffed his way through his entire career ‚Äî and now the coronavirus is taking him out https://t.co/6163rKs3k5,charlie_adler,Sat Apr 11 22:12:20 +0000 2020,en,None,negative
1249098592641413124,"@annknows7 @debra_bonanno Here's how the Chinese Flu should have been handled from the start...
https://t.co/Oknvf1ypyH",MRNW84IT,Sat Apr 11 22:14:46 +0000 2020,en,None,neutral
1249098315053985793,"@RickPatriot76 @AliyaInam https://t.co/lUXjVe7JlK

Wanna try again buddy??",toiraTV,Sat Apr 11 22:13:40 +0000 2020,en,None,neutral
1249098518951649280,"When they came for the foreigners you said nothing, then the over 70s, still saying nothing, now they are coming fo‚Ä¶ https://t.co/b36yslsok7",ezzye,Sat Apr 11 22:14:28 +0000 2020,en,None,negative
1249098226172452866,"@realDonaldTrump With all due respect Mr. President, your press conferences are a train wreck. You grieve, whine, r‚Ä¶ https://t.co/h2cfuP3Jxa",EarthCitizen4,Sat Apr 11 22:13:18 +0000 2020,en,None,negative
1249098460994785291,"If it is suppose to be ""airborne"" then why wasn't there a drastic increase in the numbers of those infected with th‚Ä¶ https://t.co/x40rxQAAtk",MamaSophia666,Sat Apr 11 22:14:14 +0000 2020,en,None,neutral
1249099019835461633,Boris Johnson: I owe doctors and nurses my life after coronavirus treatment https://t.co/AwRkuJn0oS,margare80388525,Sat Apr 11 22:16:28 +0000 2020,en,None,positive
1249098887383531528,"@Happy39887283 @Ianvincentscott @toryboypierce The stats ain‚Äôt worth trashing the economy ! 

As it stands covid-19 has not our done H1N1",Shadowwarrior30,Sat Apr 11 22:15:56 +0000 2020,en,None,neutral
1249098732001320966,A group of people who flew to southern #France in a private jet from the #UK have been turned away by police due‚Ä¶ https://t.co/1DsYUiEWcE,ASBreakingNews,Sat Apr 11 22:15:19 +0000 2020,en,None,neutral
1249098399757942789,The coronavirus pandemic has made video conferencing essential‚Äîhere are 8 tips for looking good on video conference‚Ä¶ https://t.co/VqzkTDnMES,BulldogReporter,Sat Apr 11 22:14:00 +0000 2020,en,None,neutral
1249098198225829889,"The US does not have the world's most advanced health system! It barely has a health system at all, just a load of‚Ä¶ https://t.co/vTvcWHbO9K",MesMitch,Sat Apr 11 22:13:12 +0000 2020,en,None,negative
1249097884076654592,This is good stuff and I must say Bloomberg (yes I know) has published great COVID19 journalism.,colourmeamused_,Sat Apr 11 22:11:57 +0000 2020,en,None,neutral
1249098798602698758,Podcast | Coronavirus in California: Stories From the Front Lines - Los Angeles Times ‚Å¶@GustavoArellano‚Å©  https://t.co/TAOxooDPR1,hbecerraLATimes,Sat Apr 11 22:15:35 +0000 2020,en,None,negative
1249098060421971968,Retweeting for comment. ü§î,justin_hart,Sat Apr 11 22:12:39 +0000 2020,en,None,neutral
1249098460961230850,The Situation‚Äôs Wife Lauren Sorrentino Reveals Her Mom and Sister Are on Front Lines of Coronavirus Crisis:‚Ä¶ https://t.co/MTT4wtmuUK,PopCulture,Sat Apr 11 22:14:14 +0000 2020,en,None,neutral
1249098261685649408,"A boy from a remote Amazonian tribe has died, raising concerns about Covid-19's impact on indigenous people - CNN https://t.co/KgQe3Qyy9l",alesantax,Sat Apr 11 22:13:27 +0000 2020,en,None,neutral
1249099008158515201,"The coronavirus pandemic threatened game over for Endgame restaurant near Seattle.
Read More: https://t.co/pnUD8RdPAq",atndaily,Sat Apr 11 22:16:25 +0000 2020,en,None,neutral
1249098507970957312,Sean Hannity‚Äôs astounding coronavirus hypocrisy https://t.co/WXOOVXOGRD via @YouTube,RoyTally49,Sat Apr 11 22:14:26 +0000 2020,en,None,neutral
1249099027263524864,A Brexit extension would face serious opposition even during coronavirus https://t.co/6LTd8gW0hH https://t.co/4P9Y2wEiqx,TarunKu23732754,Sat Apr 11 22:16:29 +0000 2020,en,None,neutral
1249098187937202178,"The USPS doesn‚Äôt need a ‚Äúbail-out.‚Äù

It needs to get the GOP fangs out it‚Äôs neck by repealing the ‚Äúpre-paid pension‚Ä¶ https://t.co/m53i0mnvW9",NickFalacci,Sat Apr 11 22:13:09 +0000 2020,en,None,neutral
1249098889522597894,"""Most importantly, responsible leadership matters.""

https://t.co/YDGCH0mTjq",_aperfectname,Sat Apr 11 22:15:57 +0000 2020,en,None,neutral
1249098369185615884,@WhiteHouse Isn't possible to do show on current figures of covid-19 deaths in new York City at this time please. ?,AqeelAbbas9,Sat Apr 11 22:13:52 +0000 2020,en,None,negative
1249098212926869512,"No,No,No,No !!
Never will I take the vaccine !!",JaneHammond54,Sat Apr 11 22:13:15 +0000 2020,en,None,negative
1249098703928885249,Puerto Rico needs a total overhaul of its covid-19 response as the data presented in graphs is not reliable due to‚Ä¶ https://t.co/vWToi2fFGz,garciaruben40,Sat Apr 11 22:15:12 +0000 2020,en,None,neutral
1249098623322742784,"the u.s. has the most amount of covid-19 cases in the world, triple the amount of the following country, and has ha‚Ä¶ https://t.co/qM0euFgVTF",ansleybab,Sat Apr 11 22:14:53 +0000 2020,en,None,neutral
1249098387737030656,"How immature and insensitive of Bailey to send this unnecessary 
letter with a patronising header.
She has not chan‚Ä¶ https://t.co/9YzZVabatm",TrevorSavage11,Sat Apr 11 22:13:57 +0000 2020,en,None,neutral
1249098969788993537,"Not concerned about the warning of a pandemic, but that there would be evidence that he received notice that he cou‚Ä¶ https://t.co/l9ioQsUyRN",RajLakra,Sat Apr 11 22:16:16 +0000 2020,en,None,neutral
1249103618596311040,"Ted Cruz praises Bill Maher for 'rant' about coronavirus originating in China

https://t.co/6eD8UDljpI",trumpquility1,Sat Apr 11 22:34:44 +0000 2020,en,None,neutral
1249098349396889601,Where is Billy filming this? Why isn't he looking at the camera? Why is closing the wet market exclusively tied to‚Ä¶ https://t.co/WDSl9MPIC6,FredNWolfram,Sat Apr 11 22:13:48 +0000 2020,en,None,negative
1249098390245265417,"@ZO_UygurZade @E_Turkistan @CGTNOfficial @Uighurian @UNNTV1 #HoldChinaAccountable for spreading #Coronavirus

World‚Ä¶ https://t.co/10fK8MXMun",abu_alkhair,Sat Apr 11 22:13:58 +0000 2020,en,None,neutral
1249099132360220674,NY &amp; Lagos are too similar. God help us üôè,NosaParker,Sat Apr 11 22:16:54 +0000 2020,en,None,negative
1249098256123965441,Thus is just a test to see how compliant the idiot sheeples are!,nancyejsalon,Sat Apr 11 22:13:26 +0000 2020,en,None,neutral
1249098702188204032,California governor says state may assist undocumented residents shut out of coronavirus relief‚Ä¶ https://t.co/QI9RpFkJA6,tommyboy0690,Sat Apr 11 22:15:12 +0000 2020,en,None,neutral
1249098376567644160,Any thoughts @realDonaldTrump ? Any at all?,Mike_Flies,Sat Apr 11 22:13:54 +0000 2020,en,None,neutral
1249098952093208580,"Mrs. Meyer's Clean Day Multi-Surface Everyday Cleaner, Lemon Verbena, 16 Fl Oz, Pack of 3

https://t.co/0EaTVeDPzJ‚Ä¶ https://t.co/rIsQinEO3i",BwcDeals,Sat Apr 11 22:16:11 +0000 2020,en,None,neutral
1249103625709932544,"One of the most accurate lines here about American life in Ohio...""another crisis in a region that always seems to‚Ä¶ https://t.co/thLRqkW0zj",rick_raley,Sat Apr 11 22:34:46 +0000 2020,en,None,neutral
1249099142141317120,New case in Zimbabwe. #coronavirus https://t.co/MWFkzm475k,covid_tweets,Sat Apr 11 22:16:57 +0000 2020,en,None,neutral
1249099156569739264,Amen,TATTEDCAP,Sat Apr 11 22:17:00 +0000 2020,en,None,neutral
1249098309802659842,And they wanted to go home! Cruise ship passengers still testing positive,JustGeneil,Sat Apr 11 22:13:38 +0000 2020,en,None,negative
1249099056300736517,More blood on the hands of the GOP and 45!,ACerdas11,Sat Apr 11 22:16:36 +0000 2020,en,None,positive
1249099064148287489,I‚Äôm changing my political party to ‚ÄúI want the government the heck out of my life‚Äù #coronavirus #lockdown,suttonporter,Sat Apr 11 22:16:38 +0000 2020,en,None,neutral
1249098441721909249,How is it HHS is not getting Florida‚Äôs statistics out?? DeSantis mislead that no young people have been infected or‚Ä¶ https://t.co/ZnIchiHChb,2SHEA7,Sat Apr 11 22:14:10 +0000 2020,en,None,neutral
1249098289259012097,@me_nondependent @drdanchoi @DrEricDing @NYGovCuomo The scientists found that severe acute respiratory syndrome cor‚Ä¶ https://t.co/SZkMSSwNU4,PBanksta,Sat Apr 11 22:13:33 +0000 2020,en,None,neutral
1249099204372258817,@LynnRahn1 @DrJacobsRad The government should tell the people the true facts about the transfer of a virus from the‚Ä¶ https://t.co/dEi3120gwQ,repblcofAlberta,Sat Apr 11 22:17:12 +0000 2020,en,None,neutral
1249098226474479623,Trial drug can significantly block early stages of COVID-19 in engineered human tissues - https://t.co/ioEXscQTM8,TheNewsPilot,Sat Apr 11 22:13:18 +0000 2020,en,None,neutral
1249099206276440064,"¬°Me gusta!
 Vibrador Multiorgasmico Wow Rabbit-gasmic 
https://t.co/kcorUJWXPu

#Apocalipsis #COVID__19 #DragRace‚Ä¶ https://t.co/vV8sPEAPEs",scort_mx,Sat Apr 11 22:17:12 +0000 2020,en,None,neutral
1249098794903326721,To all the members of Hertfordshire Roleplay Community we wish you all a happy and safe Easter. Don't forget to was‚Ä¶ https://t.co/HkyqXwbOGQ,HertsliveR,Sat Apr 11 22:15:34 +0000 2020,en,None,neutral
1249099084717158404,That about sums it up.,chriswatson1904,Sat Apr 11 22:16:43 +0000 2020,en,None,negative
1249099349138661381,"The coronavirus shows that Britain isn‚Äôt as good as Ireland, says Fintan O‚ÄôToole. Via @thomasknox https://t.co/hOU3WMukPx",cjsnowdon,Sat Apr 11 22:17:46 +0000 2020,en,None,neutral
1249098553563025409,"Let me understand: medics from #Gaza train by Israeli doctors to fight #coronavirus and save lives in Gaza, and at‚Ä¶ https://t.co/mBKmrGYQBt",edrormba,Sat Apr 11 22:14:36 +0000 2020,en,None,neutral
1249098534436999171,If I knew that only trump supporters went to church. I would say good luck...but I know that is not the case. Peopl‚Ä¶ https://t.co/4xnllgla5Y,RoblesArtist,Sat Apr 11 22:14:32 +0000 2020,en,None,negative
1249098744420687872,A National Scandal': A Timeline of the UK Government‚Äôs Woeful Response to the Coronavirus Crisis https://t.co/1SX7nMgplp,StuartBeeley,Sat Apr 11 22:15:22 +0000 2020,en,None,neutral
1249099064601243648,"Please rt to everyone in Illinois. Gov. Pritzker's message contains many phone and text numbers, as well as website‚Ä¶ https://t.co/PEBI3DjbI2",Geeiapet,Sat Apr 11 22:16:38 +0000 2020,en,None,neutral
1249099593427472385,"This is a great illustration of #SocialDistance and how it prevents spread of infection!
#CoronavirusOutbreak",TheLegoDOC,Sat Apr 11 22:18:44 +0000 2020,en,None,positive
1249098371232485377,"#Covid19 coronavirus: Tales from the frontline - new cop shares first week on pandemic patrol.
 https://t.co/2Xib7hYYT4",melulater,Sat Apr 11 22:13:53 +0000 2020,en,None,neutral
1249098672719056900,@PandurangiSagar The unfortunate truth to which #Modi alone will be held responsible for.  #IndiaFightsCoronavirus https://t.co/TgHBT6r6mi,Nadiassay,Sat Apr 11 22:15:05 +0000 2020,en,None,neutral
1249097923305955328,"Don't mess with my USPS! It's the only way I get my books now, since the libraries are closed!!!",mariannevill714,Sat Apr 11 22:12:06 +0000 2020,en,None,negative
1249099081340686336,"@LifetimeUSCN More and more evidence shows COVID-19 originated from the USA and Australia, https://t.co/MOG1HnDw6t",VailleLee,Sat Apr 11 22:16:42 +0000 2020,en,None,neutral
1249103648564621313,The Gist: The reassuring threshold or collective coronavirus knowledge. https://t.co/bbe85LGpN9,brucewayne363,Sat Apr 11 22:34:51 +0000 2020,en,None,neutral
1249099279899090947,"‚ÄúAll the while, the medical experts look on, waiting for their next chance to get a word in.‚Äù

Really, really good‚Ä¶ https://t.co/ySeDyf8FAk",WalshFreedom,Sat Apr 11 22:17:30 +0000 2020,en,None,negative
1249099290841993217,Coronavirus death rate may be lower than previously thought https://t.co/FTkAKN4iTX,Briefing__Room,Sat Apr 11 22:17:32 +0000 2020,en,None,positive
1249098411111927808,The latest Daily Wembley! https://t.co/Yi43Rw4jGr #coronavirus #mutualaid,wembleypartners,Sat Apr 11 22:14:02 +0000 2020,en,None,neutral
1249099309594759174,"COVID-19 Homeless Person Soft-Internment Camp #SingAlong #coronavirus #CoronaVirusCanada

üé∂Little Shelters on the h‚Ä¶ https://t.co/xQqBN0ZEsX",photowarrior,Sat Apr 11 22:17:37 +0000 2020,en,None,neutral
1.25E+32,@PaulaReidCBS a disgusting piece of human garbage. @WHCA @PressSec @POTUS @realDonaldTrump,beegarrrr,Mon Apr 13 23:39:52 +0000 2020,en,None,negative
1.25E+32,John Krasinski‚Äôs quarantine series ‚ÄúSome Good News‚Äù is my favorite thing,mariiahbrooke,Mon Apr 13 23:39:52 +0000 2020,en,United States,positive
1.25E+32,@EvanMcMullin But Jared is there. He probably read like 25 books on COVID-19,Tyme2SpeakUp,Mon Apr 13 23:39:52 +0000 2020,en,None,neutral
1.25E+32,These are powerful resources!,EllenPerconti,Mon Apr 13 23:39:52 +0000 2020,en,None,positive
1.25E+31,"2, Ella and that accent gon get me thru it all ü•∫",MalikSinko,Mon Apr 13 23:39:54 +0000 2020,en,None,positive
1.25E+32,Wow. An occorance which beggars the question: is locking down all inessential people as tightly as we are really necessary?,ChelleAB,Mon Apr 13 23:39:54 +0000 2020,en,None,negative
1.25E+32,"@Doc_Wolverine We're all trying to find girlfriends while under quarantine, but this is not the way to go about it.",WolfDarryl,Mon Apr 13 23:39:54 +0000 2020,en,None,positive
1.25E+32,Time to move to America!!,THORMALLA,Mon Apr 13 23:39:54 +0000 2020,en,United Kingdom,positive
1.25E+32,Quarantine got yall horny horny,NoleCalibur,Mon Apr 13 23:39:54 +0000 2020,en,None,positive
1.25E+32,Tak rasa pelik ke. How earth operates? Okay now musim quarantine and level of atmosphere dah makin okay. But why suddenly most of pacific ring of fire errupt volcano? Seems like produced more CO2. Do earth want it balance?,OfficialFadd,Mon Apr 13 23:39:54 +0000 2020,en,None,neutral
1.25E+32,Good afternoon followers yp i am bored but i hope in this quarantine are fine))))))‚ù§‚ù§üëªüòä... https://t.co/LKEMvpVfdN,AliH9419,Mon Apr 13 23:39:54 +0000 2020,en,None,positive
1.25E+32,"me: there is no WAY I‚Äôm watching Bachelor: Listen to Your Heart

me day 1268 of quarantine: üé∏ ‚ù§Ô∏è https://t.co/llopW68lWX",HannahBo_Bannah,Mon Apr 13 23:39:55 +0000 2020,en,None,positive
1.25E+31,"@SkyNews any chance of some kind of balance, and not have two lefties on the show?",Graffi,Mon Apr 13 23:39:55 +0000 2020,en,United Kingdom,neutral
1.25E+32,Covid-19 right now: https://t.co/Bs8Prlx6JZ,JaimeHuereca,Mon Apr 13 23:39:55 +0000 2020,en,None,neutral
1.25E+32,End of #EasterMonday https://t.co/ingK9fTdKr,sabalashay7,Mon Apr 13 23:39:55 +0000 2020,en,United Kingdom,neutral
1.25E+32,You‚Äôve been asking where is my pin for unemployment I filed. The simple answer is it coming. It takes about 21 days. Here is What you need to know about unemployment eligibility in Pennsylvania. https://t.co/CKtCPe9sdo #COVID19 #PA #wpxi,BishopReports,Mon Apr 13 23:39:55 +0000 2020,en,None,negative
1.25E+31,@vstackkzz i‚Äôve spent way too much money on games cause this quarantine shit,_amyszn,Mon Apr 13 23:39:56 +0000 2020,en,None,negative
1.25E+32,"Okay, I've been retweeting things all day,but I feel that I should write something too. So, I think what the Joseph's did is completly fine.Why? Because Jay said that they were all in quarantine.I guess that can mean that they weren't in the same house,but they all were isolating",AjkayAlinka,Mon Apr 13 23:39:56 +0000 2020,en,None,negative
1.25E+32,UK scraps plans to buy thousands of BlueSky ventilators https://t.co/4G59oKvxy9,The_Ouroboros__,Mon Apr 13 23:39:56 +0000 2020,en,None,neutral
1.25E+32,Love this one - Friends Theme but you're all in Quarantine... https://t.co/QCEGzEfkQg via @YouTube,mrsmarytaylor,Mon Apr 13 23:39:56 +0000 2020,en,United States,positive
1.25E+32,"@DrZweliMkhize @Julius_S_Malema Sicela usizo baba, during these difficult times of covid-19 sa express staff is not paid march salaries. We are on lockdown with empty fridges. #PaySAExpressStaff",Ross_simes,Mon Apr 13 23:39:56 +0000 2020,en,None,negative
1.25E+32,"üñã Support Brittany by signing ‚ÄúSupport the USPS!‚Äù and I‚Äôll deliver a copy to your officials too: https://t.co/GjO2cQ6Sqq

üì® Last delivered to @SenatorCantwell, @PattyMurray and @RepAdamSmith #WA09 #waelex #COVID19 https://t.co/Cy7gOoj6P1",openletterbot,Mon Apr 13 23:39:56 +0000 2020,en,None,neutral
1.25E+32,"Apple and Google building coronavirus tracking tech for iOS and Android, coming in May https://t.co/il3yGLYw65 #SmartNews",musiclover712,Mon Apr 13 23:39:56 +0000 2020,en,None,neutral
1.25E+32,"@CPHO_Canada to Dr Theresa Tam 

13 April 2020
CoVid19 -- Korea

As of today about 101 patients classed as having been cured in South Korea have tested positive again: Korea CDC

This article is three days old.
Posted 08 April 2020
from Bloomberg (USA)
https://t.co/FS2fNkRCrG
..",LeoOfMontreal,Mon Apr 13 23:39:56 +0000 2020,en,None,neutral
1.25E+32,South Carolina should lay off @LindseyGrahamSC.,DvnMichael,Mon Apr 13 23:39:56 +0000 2020,en,None,neutral
1.25E+32,"üñã Support Harper by signing ‚ÄúSupport the USPS!‚Äù and I‚Äôll deliver a copy to your officials too: https://t.co/GjO2cQ6Sqq

üì® Last delivered to @JohnCornyn, @SenTedCruz and @RepKayGranger #TX12 #TXpolitics #COVID19 https://t.co/TfQ0HE9kO0",openletterbot,Mon Apr 13 23:39:56 +0000 2020,en,None,neutral
1.25E+32,"As England has decided to restrict our access to PPE in preference to English people based on them being English
(as verified earlier)

here is how to make your own masks as advised by the US CDC, we should be wearing them whenever we go out:

https://t.co/1ckfQuZmZo",newscotlandtv,Mon Apr 13 23:39:56 +0000 2020,en,None,neutral
1.25E+32,"unhealthy quarantine coping mechanisms, where y‚Äôall sitting?? https://t.co/WUuSi3keG9",shizzorange,Mon Apr 13 23:39:56 +0000 2020,en,None,neutral
1.25E+32,One thing I learned on this quarantine is that my son is BROKEN. üòÇüòúüòÖ https://t.co/e0f5m9XSzQ,LoniFangupo,Mon Apr 13 23:39:56 +0000 2020,en,None,neutral
1.25E+32,Tan real...,desubicadaTV,Mon Apr 13 23:39:57 +0000 2020,en,None,neutral
1.25E+32,@WillRose72 Just imagine the last three movies being about Longbottom w/ a cameo from the trio.,trippfuller,Mon Apr 13 23:39:57 +0000 2020,en,United Kingdom,neutral
1.25E+32,"@anikila2r Curiosamente so√±√© hace unos d√≠as que me sal√≠a cola porque me lleva doliendo la rabadilla desde que empez√≥ la cuarentena. Una cola de hueso, con piel y dura y que pesaba. Fue horrible. Sue√±o cosas terribles y grimosas jajaja",Claaaus_,Mon Apr 13 23:39:57 +0000 2020,es,None,neutral
1.25E+32,The Canadian government has a 50 million dollar fund to import foreign workers instead of having Canadian citizens work during quarantine. We have lost over a million jobs. This is absolute bullshit https://t.co/MMHkZMdxjX,Eco_Cursed,Mon Apr 13 23:39:57 +0000 2020,en,None,neutral
1.25E+32,"mmc_trapmoneybaby ""Intro"" 
üî•üî•üî•üî•üî• #ateam #gfam #ambassador #quarantine #donaldtrump ##coronavirus #2020vision https://t.co/RJNzd7QflD",rawtalentawards,Mon Apr 13 23:39:57 +0000 2020,en,None,neutral
1.25E+32,Ya no aguanto esta puta cuarentena.,arantzascs,Mon Apr 13 23:39:57 +0000 2020,es,None,neutral
1.25E+32,"@joshuafett75 Well, I have some good news for you https://t.co/k5OSaKxhEq",MajorDweeb,Mon Apr 13 23:39:57 +0000 2020,en,None,neutral
1.25E+32,"@TripleGGGTaxi @onetokebloke @Alfiebubbles Riding the storm mate, obviously rather be working and see no one suffer but enjoyed time off with the family(lucky to have a rich sister)Glad to c u on utag, let's have are day",zippyfc15,Mon Apr 13 23:39:57 +0000 2020,en,United Kingdom,neutral
1.25E+32,"More from the Magyar front: Orb√°n now fully prepared to take a seat at a different table.üëá
https://t.co/L2GYxNDND3",Umut_Ozsu,Mon Apr 13 23:39:57 +0000 2020,en,None,neutral
1.25E+32,"BBC News Mundo - Coronavirus: qu√© aprendieron del zika, el dengue y la influenza 3 cient√≠ficos de Am√©rica Latina para hacer frente al covid-19 https://t.co/D7zmD3w3vv",AsyalKasun,Mon Apr 13 23:39:57 +0000 2020,es,None,neutral
1.25E+32,"Girl, you heard your own today so üëèüèºüëèüèºüëèüèºüëèüèº",PettyGusto,Mon Apr 13 23:39:57 +0000 2020,en,None,positive
1.25E+32,"""Carrying out offending matters"", la forma m√°s rara de decir masturbandote que he visto nunca.",Roland_Ibai,Mon Apr 13 23:39:58 +0000 2020,es,Reino Unido,positive
1.25E+32,This simply means a routine weekly mass testing of over 200 million people should be carried out because of the #COVID19 14 days incubation period. I don‚Äôt think America has such capacity. Not a better exit strategy in #COVID19Nigeria,Mal_Rili,Mon Apr 13 23:40:02 +0000 2020,en,Nigeria,neutral
1.25E+32,"African Americans are being hit hardest by #COVID19. Yet some Western politicians have maliciously attacked China‚Äôs strict anti-virus measures on all foreigners, that in no way specifically apply to Africans. https://t.co/FdIx3ATO4o https://t.co/1Sd7m2zEId",globaltimesnews,Mon Apr 13 23:40:02 +0000 2020,en,None,negative
1.25E+32,#13Abr #Mundo #Covid19 | Colombia ask fot help Covid-19,laverdadweb,Mon Apr 13 23:40:02 +0000 2020,es,None,negative
1.25E+32,there is nothing to worry in this country,europapress,Mon Apr 13 23:40:02 +0000 2020,es,None,positive
1.25E+32,bs gaslighting - and his maga cult buys it,PatPeoples1,Mon Apr 13 23:40:02 +0000 2020,en,None,neutral
1.25E+32,"The man was in the jail awaiting a trial on charges of first-degree murder. His attorney had petitioned the court for his release to house arrest, saying his client was at risk of death by the virus because of his diabetes.
https://t.co/Pyrlx5oJ1I",WashTimesLocal,Mon Apr 13 23:40:02 +0000 2020,en,None,neutral
1.25E+32,"Finally a President who is willing to take the #FakeNews media on...

And expose them for the FRAUDS they are!!

#endthelockdown 
#Stimulusdeposit 
#MondayMood",Millennial_Con_,Mon Apr 13 23:40:02 +0000 2020,en,None,negative
1.25E+32,"Discussion of the coronavirus #COVID19 is often no longer just a public-health issue but a political one as well, and we‚Äôre fighting an epidemic of untruths pushed by unscrupulous reporters. My latest: https://t.co/af5FVwnPsL",VDHanson,Mon Apr 13 23:40:02 +0000 2020,en,None,neutral
1.25E+31,"Fat, Dumb, and New Yorkers. NYU scientists: Largest US study of COVID-19 finds obesity the single biggest 'chronic' factor in New York City's hospitalizations https://t.co/YHPjrevSvT via @ZDNet &amp; @TiernanRayTech",MichaelHirsh6,Mon Apr 13 23:40:02 +0000 2020,en,None,negative
1.25E+32,@BlokeNarwhal yeah man..you will get a shout from me...brilliant workers..angels the lot of them.üëèüëèüëèüëèüëèüëèüëè,BlueboyPotts,Mon Apr 13 22:53:30 +0000 2020,en,United Kingdom,negative
1.25E+32,Thinning the herd,FRSCOGIANT9012,Mon Apr 13 22:53:30 +0000 2020,en,None,positive
1.25E+32,Send tattoo ideas,clinicalsissoko,Mon Apr 13 22:53:30 +0000 2020,en,United Kingdom,neutral
1.25E+32,Back to sender. Your plans shall never come to pass,BroNwachinemelu,Mon Apr 13 22:53:30 +0000 2020,en,Nigeria,neutral
1.25E+32,"Hawaii sees just 5 new COVID-19 cases, bringing statewide total to 504 Hawaii News Now https://t.co/1RwBtzLmJR",Hawaii_Guide1,Mon Apr 13 22:53:30 +0000 2020,en,None,neutral
1.25E+32,30% of Americans are dumb AF ü§∑üèæ‚Äç‚ôÇÔ∏è,Yung_Farris,Mon Apr 13 22:53:30 +0000 2020,en,None,negative
1.25E+32,"There I fixed it. 
 #PressBriefing
#Trump #COVID19 #PresserCOVID19 #CoronavirusPandemic #TaskForce 
#DrFauci https://t.co/WjugvdOIYG",PettyGusto,Mon Apr 13 22:53:30 +0000 2020,en,None,neutral
1.25E+32,@cody_macc Cozz been in his own quarantine lmao üò≠,KylarBrock,Mon Apr 13 22:53:30 +0000 2020,en,None,neutral
1.25E+31,"Data From All Around The World Suggests COVID-19 Began In 2019 &amp; The US .. by 
The Last American Vagabond 25:00 Minutes https://t.co/m8wsQZMBWK via @YouTube",McClure808,Mon Apr 13 22:53:30 +0000 2020,en,None,neutral
1.25E+32,@kirstenkmd Let‚Äôs get him on a live for quarantine radio,saccharinestep2,Mon Apr 13 22:53:31 +0000 2020,en,None,neutral
1.25E+32,Surgeon general's 'big mama' and 'abuela' coronavirus messaging falls flat https://t.co/A7rziV7D7w,RbrtWllms,Mon Apr 13 22:53:31 +0000 2020,en,None,neutral
1.25E+32,"Lying, crying media caught again...",adondaki,Mon Apr 13 22:53:31 +0000 2020,en,None,negative
1.25E+32,"Geee... I wonder why.... üòÇ 

ü§∑‚Äç‚ôÇÔ∏è",MinusWells,Mon Apr 13 22:53:31 +0000 2020,en,None,neutral
1.25E+32,"Those 23 people who still watch @cnn are pretty pissed off. #cnn #FakeNews #Liberals #Hypocrites

https://t.co/fm1YQBuv89",livelovecourage,Mon Apr 13 22:53:32 +0000 2020,en,None,negative
1.25E+32,#Amazon is busy making money.,Idemamba,Mon Apr 13 22:53:32 +0000 2020,en,None,negative
1.25E+31,WHO‚Äôs Anti-Israel Bias Raising Questions About Organization‚Äôs Direction https://t.co/K5RwgcgsPs,SilviaE71071006,Mon Apr 13 22:53:32 +0000 2020,en,None,neutral
1.25E+32,COVID-19 could forever change how we travel‚Äîfor better or worse https://t.co/wy2lBbqBWF,think_MOKA,Mon Apr 13 22:53:32 +0000 2020,en,None,neutral
1.25E+32,Can Your Pets Be Infected with the Coronavirus? What Dr. Oz Says! https://t.co/WQZDrFAlJ4 via @YouTube,sarah052794,Mon Apr 13 22:53:32 +0000 2020,en,None,neutral
1.25E+32,"In view of shortage of Personal Protective Equipment (PPE) in the country, 

one of my known company has started to manufacture these items.

I am posting below message received for benifits of all.

Please RT and share with as mamy people you with 

#COVID19",iRajeshSharma,Mon Apr 13 22:53:33 +0000 2020,en,None,positive
1.25E+32,"Um, yep. ü§∑‚Äç‚ôÇÔ∏è",HumbleSatBoy,Mon Apr 13 22:53:33 +0000 2020,en,None,neutral
1.25E+32,we are working for us. please retweet,JUCILPONTEVEDR,Mon Apr 13 22:53:33 +0000 2020,es,None,positive
1.25E+32,Thank god.,Notjusadreamer,Mon Apr 13 22:53:33 +0000 2020,en,None,positive
1.25E+31,"Antibody tests need to be in place for 2nd coronavirus wave, CDC director says https://t.co/MiM5nbldrq via @nbcnews",GBNS2020,Mon Apr 13 22:53:33 +0000 2020,en,None,neutral
1.25E+32,@desouza1994 Fairytale of New York is too associated with Christmas.,SteadmanAaron,Mon Apr 13 22:53:33 +0000 2020,en,United Kingdom,neutral
1.25E+32,#Wales Traffic update from @trafficalertuk - Current Advice for Road Users during the Coronavirus Outbreak - ... https://t.co/chsy1xmQX5,trafficalertuk,Mon Apr 13 22:53:33 +0000 2020,en,None,neutral
1.25E+32,One Love. üíØüññ,OFPuknowitisme,Mon Apr 13 22:53:33 +0000 2020,en,None,positive
1.25E+32,"Oh well what do we expect from people of Manila, as what I said before Philippines has the worst citizens! https://t.co/vNAWYk6gST",PutoRant,Mon Apr 13 22:53:33 +0000 2020,en,None,negative
1.25E+32,Donald Trump‚Äôs Campaign Sues Wisconsin TV Station For Continuing To Air Super PAC Ad Attacking His Coronavirus Response https://t.co/8N71bVGfUn,GayEqualGlobal,Mon Apr 13 22:53:33 +0000 2020,en,None,negative
1.25E+32,Needs...RT.,sussan711,Mon Apr 13 22:53:34 +0000 2020,en,None,neutral
1.25E+32,God speed you magnificent bastard,Weeb114,Mon Apr 13 22:53:34 +0000 2020,en,None,negative
1.25E+32,"@realdonaldtrump FYI Stop ""playing doctor"" and promoting unproven therapy that potentially kills people. Small Chloroquine Study Halted Over Risk of Fatal Heart Complications https://t.co/KqfEKIsuET #Covid19pandemic #stayathome",KathyHartke,Mon Apr 13 22:53:34 +0000 2020,en,None,negative
1.25E+32,@TeamTrump @realDonaldTrump Coronavirus infections can be treated by buffering lungs to pH 6-7. Coronavirus has to have pH 4-4 to infect cells. Nobody is doing it. Please get the message to health care providers.,BlairLeftwich,Mon Apr 13 22:53:34 +0000 2020,en,None,negative
1.25E+32,Proud Australian....our Government/s and community response to COVID-19 an example to the world. God bless those in other countries that are doing it tough....,soumprou,Mon Apr 13 22:53:34 +0000 2020,en,None,negative
1.25E+32,@PhilipRucker so grateful that you take the bullet for us by watching and reporting so I can sit here and watch YouTube videos of the Three Tenors from 1996 and pretend trump doesn't exist. I'll check in with the news hellscape later üôà,evockley,Mon Apr 13 22:53:34 +0000 2020,en,None,positive
1.25E+32,The latest Strategic Glimpses! https://t.co/7uFI0510cO #covid19,Civil_Vision,Mon Apr 13 22:53:34 +0000 2020,en,None,neutral
1.25E+32,red velvet impact,iamgabecastillo,Mon Apr 13 22:53:34 +0000 2020,en,None,neutral
1.25E+32,"EXCLUSIVE: DR. SHIVA EXPOSES FAUCI, BIRX, GATES, AND THE W.H.O. COVID-19... https://t.co/GyrzgSZrNm via @YouTube",etgomez316,Mon Apr 13 22:53:34 +0000 2020,en,None,neutral
1.25E+32,1/Hilarious watching people try to explain away the coronavirus stimulus check as something other social welfare b/c it‚Äôs an advance payment on a 2020 tax credit‚Äîor not. Wonder what the hell they think a tax credit is. I‚Äôm sitting here minding my business and someone sends me a,Desertrose1pt0,Mon Apr 13 22:53:34 +0000 2020,en,None,neutral
1.25E+32,"Man, he will be missed keep on Rocket Jumping to heaven.üôèüèΩ‚ù§Ô∏è‚ù§Ô∏è",SinnamonRollzz,Mon Apr 13 22:53:34 +0000 2020,en,None,positive
1.25E+32,"Succubus is trending so, of course, I'm thinking of London L'Roi...

@London_L_Roi @phonesextemple

#nypho #phonesex #horny #succubus #quarantinediaries #StayHome #stayhometogether #COVID19 #masturbate https://t.co/wOz0JmavTP",CarnalChrissy,Mon Apr 13 22:53:34 +0000 2020,en,None,neutral
1.25E+31,Role of the media in a Democracy is to hold the government to account,Johnpaulmccabe,Mon Apr 13 22:53:35 +0000 2020,en,United Kingdom,positive
1.25E+32,"Trump uses coronavirus briefing to lash out at critics of his response 

https://t.co/G4IQmXr8vP https://t.co/VRmp04lWMk",New_Narrative,Mon Apr 13 22:53:35 +0000 2020,en,None,negative
1.25E+32,"""You'll die of what I say you'll die of, bitch.""

- Gelinda Mates",ElidKNaz,Mon Apr 13 22:53:35 +0000 2020,en,None,negative
1.25E+32,un come back sur le youtube francophone?,SoniaBPOY,Mon Apr 13 22:53:35 +0000 2020,en,France,negative
1.25E+32,"I just watched FOR THE USE OF THE HALL on Broadway HD- based on a play - it's a nice, smart comedy - good for coronavirus #selfisloation #streaming https://t.co/cP8xAfxKR2 via @RottenTomatoes",CorneliaAmiri,Mon Apr 13 22:53:35 +0000 2020,en,None,positive
1.25E+32,"Can a reporter, just once., say ‚Äúshut the fuck up, fat boy and let me finish my question!‚Äù?
#trump #coronavirus",peteybergen,Mon Apr 13 22:53:35 +0000 2020,en,None,negative
1.25E+32,I will gladly retweet your thread. I wholeheartedly agree üá∫üá∏üá∫üá∏üá∫üá∏,ressiger1111,Mon Apr 13 22:53:35 +0000 2020,en,None,neutral
1.25E+32,STAY HOME!,JoZPina,Mon Apr 13 22:53:35 +0000 2020,en,None,neutral
1.25E+30,"@DoubleTMisterB @poeticpotion111 oYep, start your engines. We'll wear masks, gloves and keep our distance as necessary but we will NOT allow our country to go into a depression that would kill more than the CCP coronavirus. We've had enough of the Communist Democrat Party using a health crisis to destroy the US https://t.co/6pCMPv0wVk",MickSPrice,Mon Apr 13 22:53:36 +0000 2020,en,None,neutral
1.25E+31,iTs aLL oBaMA‚Äôs fAuLt,Lexie_FM,Mon Apr 13 22:53:36 +0000 2020,en,United States,negative
1.25E+32,"üñã Support Jack by signing ‚ÄúSupport the USPS!‚Äù and I‚Äôll deliver a copy to your officials too: https://t.co/GjO2cQ6Sqq

üì® Last delivered to @GillibrandNY, @RepGraceMeng and @SenSchumer #NY06 #NYpolitics #NYpol #COVID19 https://t.co/ohN0o77PAf",openletterbot,Mon Apr 13 22:53:36 +0000 2020,en,None,negative
1.25E+32,"It's not the quarantine that's getting to me, it's the why and it's the mobster conman who's making it all worse.",AuthorKimberley,Mon Apr 13 22:53:36 +0000 2020,en,None,neutral
1.25E+32,Coronavirus Request for Cancellation of Contract Force Majeure Sample Letter [Free Template] - Talkov Law https://t.co/6A6opASBTh #rentstrike2020 #RENTRELIEF #CancelRent https://t.co/xvKGpnOIGx,alikamran,Mon Apr 13 22:53:36 +0000 2020,en,None,neutral
1.25E+32,Don't even imply that': Fauci denies Trump pressured him to clarify remarks on coroanvirus response https://t.co/K5sRvWH62D,Big_Cajun_Man,Mon Apr 13 22:53:36 +0000 2020,en,None,neutral
1.25E+31,@tahsha_lyndah @MCartar20 Did she say Canteen oba Quarantine ?,mugyenyivincent,Mon Apr 13 22:53:37 +0000 2020,en,None,neutral
1.25E+32,I love it!,SolaChristos,Mon Apr 13 22:53:37 +0000 2020,en,None,positive
1.25E+32,"FYI @CityofCT, over and above that cultivate some humanity. Nxa!",Kmoeti,Mon Apr 13 22:53:37 +0000 2020,en,None,positive
1.25E+32,"Me looking at my DMs since quarantine started
https://t.co/UGD0mRWrmI",tayngel_,Mon Apr 13 22:53:37 +0000 2020,en,United States,neutral
1.25E+32,Just had a COVID-19 test done. They stick that swab ALL THE WAY up your nose lol.,TPRx11,Mon Apr 13 22:53:37 +0000 2020,en,None,positive
1.25E+32,Senate hits pause on confirming Trump‚Äôs judges - POLITICO https://t.co/8KgB9oUL1f #SmartNews,lian_yamouer,Mon Apr 13 22:53:37 +0000 2020,en,None,neutral
1.25E+32,But it‚Äôs saving everyone! Or is it? Wait? Not enough research? Oh,JayHooft,Mon Apr 13 22:53:37 +0000 2020,en,Canada,neutral
1.25E+32,just add clips of him on his switch and it is an accurate representation of me,grrreensea,Mon Apr 13 22:53:37 +0000 2020,en,None,neutral
1.25E+30,@JahnnaBurke Stopppp ü•∞. Thank you babe! Just tryna get post quarantine ready. https://t.co/INIPPZ4TXr,triggatreash,Mon Apr 13 22:53:37 +0000 2020,en,United States,positive
1.25E+32,"I'm joining with hundreds of thousands of people from all over the world, who are standing with the @UN Chief @AntonioGuterres on his bold call for a #GlobalCeasefire amidst #Covid19Pandemic. Sign and RT! #Coronavirus https://t.co/MBoqf3Aibu",IntlDayofPeace,Mon Apr 13 22:53:37 +0000 2020,en,None,neutral
1.25E+32,He is a Hoot and NYer!,TurnbullDJTX,Mon Apr 13 22:53:38 +0000 2020,en,None,neutral
1.25E+32,I miss my roommate @_cincity29 a lot can this quarantine be over so I can go back to living at her apartment on the weekends ???üò≠üò≠üò≠,rabatibur,Mon Apr 13 22:53:38 +0000 2020,en,United States,positive
1.25E+32,"@AmyAthatcher @Hooplaoly This is on trump 
 United States
Coronavirus Cases:
584,862
Deaths:
23,555 https://t.co/JripdEags2",cats13136,Mon Apr 13 22:53:38 +0000 2020,en,None,neutral
1.25E+32,@trassens @WeatherHerts @hertslife @CloudAppSoc @dbirch214 @5_News Thank you.,CarlaSears,Mon Apr 13 22:53:38 +0000 2020,en,United Kingdom,positive
1.25E+31,"@DeadwingDork Oh man, he blocked me for responding to him acting retarded with the ""only acting retarded"" comic. Can't get any more absurd than that. It's pretty obvious he hasn't blocked you because he wants the internet attention. 

Quarantine is really fucking with people's brains, eh?",Cincinnatus460,Mon Apr 13 22:53:38 +0000 2020,en,None,negative
1.25E+32,"üå∏üê¶üåºüß©üíÆüê†üê¶üå∏üß©üåºüê†üíÆ
Over 100 Colorful Puzzles each available in 5 sizes for the entire family
#gifts #shoppingonline #quarantine #puzzle #games #onlineshopping
https://t.co/ajb1AwpJw2 https://t.co/3UAHtJ82B9",HikeOurPlanet,Mon Apr 13 22:53:38 +0000 2020,en,None,positive
1.25E+32,This quarantine got you talking like a Jail niggga .,maamaajaaaay,Mon Apr 13 22:53:38 +0000 2020,en,None,neutral
1.25E+32,#45 doe not control the states! This mofo is delusional! #COVID19 #PressBriefing https://t.co/rvQO9ewHgL,Whatthawhat68,Mon Apr 13 22:53:38 +0000 2020,en,None,negative
1.25E+32,when ur teacher failed to explain that the packet she gave at the beginning of the quarantine school thing was for 3 weeks and you did it in one day and turned it in. Then the school ends up losing the packet and the teacher blames you and calls ur parents. https://t.co/cNowRqzpJW,SomeWeirdoLyx,Mon Apr 13 22:53:38 +0000 2020,en,None,negative
1.25E+32,Virus won't survive in hot climate,AzekaIsaac,Mon Apr 13 22:53:39 +0000 2020,en,None,neutral
1.25E+31,"Dr. Anthony Fauci addressed some comments he made over the weekend and took issue with the idea he was not doing so voluntarily.
On CNN Sunday, Fauci was asked if more lives could have been saved if the U.S. #Coronavirus #DonaldTrump #DrAnthonyFauci #TV https://t.co/1tl6EsfabL",Newsenm,Mon Apr 13 22:53:39 +0000 2020,en,None,neutral
1.25E+31,"I sense a lawsuit coming, fuck Ticketmaster",TheExinExit,Mon Apr 13 22:53:39 +0000 2020,en,None,positive
1.25E+32,Done wit quarantine yo ü§¶‚Äç‚ôÇÔ∏è,Booda215_,,en,None,positive
1.25E+32,"23 homeless people across seven different facilities in the city have tested positive for the new #coronavirus, after word surfaced that at least four residents or staff from a single shelter that houses refugees had contracted the disease.",SafirAhmadBabar,,en,None,neutral
1.25E+32,quarantine i dont even bother using a fork anymore,EEdgelady,,en,None,neutral
1.25E+32,"YES, of course the US has more cases than other countries you stupid ""news"" people. In the US, there's been almost THREE TIMES the number of tests as any other country.... YES, we still have to do even more testing.

#fakenews #TrumpMeltdown #CoronavirusUSA #COVID19",groovytrip,Mon Apr 13 23:41:21 +0000 2020,en,None,negative
1.25E+32,NY/NJ metro area compared to the others in the US. https://t.co/phbPm2FWcM,W7VOA,Mon Apr 13 23:41:21 +0000 2020,en,United States,neutral
1.25E+32,https://t.co/5lg15ZaUr4 covidfact,SandraL81472811,Mon Apr 13 23:41:21 +0000 2020,en,None,neutral
1.25E+32,@assiaa_joellaa Your presence speaks for itself ‚ô•Ô∏è‚ô•Ô∏è‚ô•Ô∏è‚ô•Ô∏èüëë,nusrattyy,Mon Apr 13 23:41:21 +0000 2020,en,United States,positive
1.25E+32,where are all of the sally shapiro stans at? https://t.co/yncoVfVwsi,gilbertvotion,Mon Apr 13 23:41:21 +0000 2020,en,United States,neutral
1.25E+31,@chloeecoulterr Yess ma‚Äôam üòä,anaagarciiaa5,Mon Apr 13 23:41:21 +0000 2020,en,United States,positive
1.25E+32,House party my ass! I never want to see another house lime for the rest of the year!,thaisrazark,Mon Apr 13 23:41:21 +0000 2020,en,Trinidad and Tobago,negative
1.25E+32,@CaliaDomenico This is so incredible.,rwittstock,Mon Apr 13 23:41:21 +0000 2020,en,Canada,positive
1.25E+32,Donald Trump‚Äôs Campaign Sues Wisconsin TV Station For Continuing To Air Super PAC Ad Attacking His Coronavirus Response #SmartNews https://t.co/9KN4CqBy6y,drpatsyp,Mon Apr 13 23:41:22 +0000 2020,en,None,negative
1.25E+32,cutest shit ever,lightskinfiji,Mon Apr 13 23:41:22 +0000 2020,en,United States,positive
1.25E+32,"@laurahelmuth @TestKitchen Check out also @kenjilopezalt ‚Äòs magnum opus. As a scientist, I have found this book to be full of insights, page after page, and they all lead to great recipes (his discourse on chili is for the ages). Also a big fan of @CooksIllustratd FWIW. https://t.co/VvgjjMSq0W",MikeKaspari,Mon Apr 13 23:41:22 +0000 2020,en,United States,positive
1.25E+32,I see we‚Äôve reached the ‚Äúunleash my insane conspiracy theory on social media‚Äù stage of the quarantine.,keithonsports,Mon Apr 13 23:41:22 +0000 2020,en,None,neutral